date,temperature_max,temperature_min,temperature_moyenne,precipitation_sum,vent_max,humidite_moyenne,pression_moyenne,latitude,longitude
2015-01-01,4.4,-0.9,1.3,0.0,26.1,82,1033.8,50.5,2.75
2015-01-02,10.9,2.6,7.1,0.1,31.3,79,1029.5,50.5,2.75
2015-01-03,10.8,2.1,4.3,9.7,30.3,92,1025.0,50.5,2.75
2015-01-04,4.9,0.8,3.2,0.0,9.6,87,1034.4,50.5,2.75
2015-01-05,5.2,-0.4,2.0,0.0,12.8,91,1032.6,50.5,2.75
2015-01-06,7.4,-1.7,2.1,0.0,19.4,92,1023.7,50.5,2.75
2015-01-07,6.0,-0.6,2.5,0.0,23.4,89,1027.7,50.5,2.75
2015-01-08,9.7,4.3,7.2,12.7,33.2,89,1023.1,50.5,2.75
2015-01-09,12.6,6.0,9.7,1.0,40.8,85,1022.8,50.5,2.75
2015-01-10,12.6,5.3,10.5,0.6,42.3,80,1016.7,50.5,2.75
2015-01-11,7.6,4.2,5.7,0.5,31.6,68,1022.6,50.5,2.75
2015-01-12,10.6,7.0,8.8,0.1,33.8,75,1017.6,50.5,2.75
2015-01-13,11.2,6.5,9.8,6.4,35.0,81,1006.7,50.5,2.75
2015-01-14,6.3,3.6,4.8,6.5,31.2,83,1009.5,50.5,2.75
2015-01-15,9.7,6.4,8.2,10.3,43.1,83,998.2,50.5,2.75
2015-01-16,8.3,3.0,5.4,1.9,25.2,81,1005.0,50.5,2.75
2015-01-17,5.1,-2.5,1.6,0.0,20.6,84,1014.4,50.5,2.75
2015-01-18,3.8,1.3,2.3,12.9,18.7,91,1012.1,50.5,2.75
2015-01-19,4.5,-0.7,1.9,3.8,11.5,91,1012.4,50.5,2.75
2015-01-20,3.0,-3.6,-0.5,0.0,11.3,93,1012.4,50.5,2.75
2015-01-21,3.4,-0.8,0.6,0.0,14.3,83,1009.8,50.5,2.75
2015-01-22,2.0,-2.6,-0.6,0.0,13.9,86,1017.3,50.5,2.75
2015-01-23,1.7,-1.2,-0.3,0.0,13.0,84,1025.7,50.5,2.75
2015-01-24,5.6,-1.0,2.4,5.5,26.1,83,1023.7,50.5,2.75
2015-01-25,7.0,0.3,3.1,0.0,14.5,87,1030.8,50.5,2.75
2015-01-26,9.0,4.4,7.0,1.0,18.2,91,1023.4,50.5,2.75
2015-01-27,6.9,1.4,4.0,0.2,16.0,89,1025.9,50.5,2.75
2015-01-28,7.8,3.5,5.3,2.0,34.9,84,1010.4,50.5,2.75
2015-01-29,5.1,1.3,2.9,8.7,24.8,86,989.1,50.5,2.75
2015-01-30,3.8,0.2,1.4,3.6,22.9,87,978.3,50.5,2.75
2015-01-31,3.8,-1.8,0.8,1.5,12.3,91,982.5,50.5,2.75
2015-02-01,4.4,0.3,2.3,3.0,31.2,85,993.6,50.5,2.75
2015-02-02,3.0,-2.0,0.5,0.0,22.0,80,1004.1,50.5,2.75
2015-02-03,4.3,-3.1,-0.1,0.0,9.1,84,1005.3,50.5,2.75
2015-02-04,4.8,-3.1,0.5,1.1,17.3,88,1015.2,50.5,2.75
2015-02-05,3.1,-4.1,-0.7,0.6,20.5,86,1022.2,50.5,2.75
2015-02-06,1.2,-2.9,-1.3,0.0,31.7,72,1026.3,50.5,2.75
2015-02-07,5.5,-3.2,0.9,0.0,22.5,77,1032.2,50.5,2.75
2015-02-08,6.6,1.6,4.8,0.2,25.7,80,1034.4,50.5,2.75
2015-02-09,5.9,-0.3,2.6,0.0,13.1,92,1033.7,50.5,2.75
2015-02-10,6.3,3.3,4.5,0.2,10.5,89,1032.4,50.5,2.75
2015-02-11,7.9,1.7,4.2,0.0,9.5,87,1025.4,50.5,2.75
2015-02-12,6.4,-1.2,2.5,0.0,7.4,89,1020.9,50.5,2.75
2015-02-13,10.8,-0.5,4.8,0.1,31.7,82,1011.3,50.5,2.75
2015-02-14,8.9,4.1,7.0,1.7,22.0,89,1003.6,50.5,2.75
2015-02-15,9.4,1.1,5.0,0.0,10.0,87,1011.4,50.5,2.75
2015-02-16,10.4,-0.9,4.0,0.0,15.7,89,1017.5,50.5,2.75
2015-02-17,7.8,0.5,5.3,0.9,22.6,87,1031.5,50.5,2.75
2015-02-18,6.6,-2.2,1.6,0.0,13.8,89,1039.7,50.5,2.75
2015-02-19,7.7,0.7,4.1,0.0,25.3,81,1028.0,50.5,2.75
2015-02-20,7.3,4.5,6.0,18.1,25.0,91,1008.7,50.5,2.75
2015-02-21,6.0,0.9,3.4,3.8,16.1,92,1000.4,50.5,2.75
2015-02-22,7.8,-2.2,2.7,2.3,35.2,79,1007.6,50.5,2.75
2015-02-23,8.9,3.7,6.3,8.6,35.1,82,995.5,50.5,2.75
2015-02-24,8.9,3.5,5.6,1.3,28.0,76,1004.6,50.5,2.75
2015-02-25,7.7,2.8,4.7,4.0,21.5,91,1016.3,50.5,2.75
2015-02-26,9.6,3.2,6.9,7.1,24.6,97,1014.7,50.5,2.75
2015-02-27,7.9,1.7,4.8,0.1,21.3,71,1018.0,50.5,2.75
2015-02-28,9.2,-0.4,4.2,0.0,29.8,79,1015.7,50.5,2.75
2015-03-01,10.4,7.2,8.8,3.0,35.7,78,1003.1,50.5,2.75
2015-03-02,8.0,4.1,6.0,2.2,37.9,72,1007.8,50.5,2.75
2015-03-03,8.0,2.8,5.0,2.0,31.0,77,1017.7,50.5,2.75
2015-03-04,7.7,1.7,4.6,0.8,23.2,74,1027.3,50.5,2.75
2015-03-05,9.7,-0.3,4.4,0.0,11.5,79,1038.6,50.5,2.75
2015-03-06,10.7,1.5,5.4,0.0,12.0,82,1036.3,50.5,2.75
2015-03-07,14.5,2.8,7.5,0.0,19.9,71,1029.3,50.5,2.75
2015-03-08,13.8,3.3,7.8,0.0,18.4,77,1024.3,50.5,2.75
2015-03-09,12.1,5.9,8.7,0.0,13.1,87,1026.5,50.5,2.75
2015-03-10,11.8,3.6,8.6,0.0,14.6,83,1028.5,50.5,2.75
2015-03-11,11.8,0.3,5.4,0.0,12.6,77,1030.1,50.5,2.75
2015-03-12,12.9,-0.1,5.9,0.0,16.1,67,1027.8,50.5,2.75
2015-03-13,11.2,0.0,5.8,0.0,16.4,69,1022.6,50.5,2.75
2015-03-14,9.2,2.7,5.2,0.3,21.4,71,1026.2,50.5,2.75
2015-03-15,8.0,3.1,5.1,1.0,17.7,82,1025.5,50.5,2.75
2015-03-16,11.3,0.1,5.6,0.0,10.7,82,1022.6,50.5,2.75
2015-03-17,15.8,-0.1,7.5,0.0,10.1,78,1023.4,50.5,2.75
2015-03-18,11.4,4.1,6.8,0.0,20.5,87,1028.3,50.5,2.75
2015-03-19,8.6,4.7,6.4,0.1,19.7,84,1029.5,50.5,2.75
2015-03-20,9.7,5.2,6.9,0.0,13.1,85,1026.0,50.5,2.75
2015-03-21,8.1,2.5,5.7,0.4,27.5,83,1021.8,50.5,2.75
2015-03-22,7.6,4.4,5.8,0.0,20.9,76,1023.8,50.5,2.75
2015-03-23,9.7,-1.2,5.1,0.0,8.5,78,1017.1,50.5,2.75
2015-03-24,9.6,0.7,4.8,4.4,10.8,86,1009.4,50.5,2.75
2015-03-25,8.5,2.3,5.5,4.1,19.5,84,1009.3,50.5,2.75
2015-03-26,9.2,-0.7,3.5,4.3,27.1,90,1008.0,50.5,2.75
2015-03-27,10.5,2.7,6.5,0.0,18.1,70,1019.0,50.5,2.75
2015-03-28,12.6,3.3,8.3,0.6,30.1,87,1016.7,50.5,2.75
2015-03-29,10.9,8.8,9.9,7.8,43.8,88,1003.8,50.5,2.75
2015-03-30,10.5,6.2,8.5,0.1,32.6,67,1007.7,50.5,2.75
2015-03-31,12.3,7.2,10.2,2.0,46.5,70,1006.7,50.5,2.75
2015-04-01,9.7,4.0,6.8,0.5,33.0,61,1021.7,50.5,2.75
2015-04-02,8.7,3.3,7.1,7.2,34.2,74,1019.6,50.5,2.75
2015-04-03,9.9,1.0,5.7,4.8,15.3,86,1018.8,50.5,2.75
2015-04-04,7.8,3.9,6.6,0.5,21.9,85,1018.7,50.5,2.75
2015-04-05,10.1,0.7,5.1,0.0,14.8,71,1026.1,50.5,2.75
2015-04-06,10.6,-1.0,5.4,0.0,12.1,82,1030.4,50.5,2.75
2015-04-07,13.7,1.0,7.6,0.0,9.6,79,1036.0,50.5,2.75
2015-04-08,13.9,3.8,9.1,0.0,11.6,75,1033.2,50.5,2.75
2015-04-09,17.3,3.2,10.5,0.0,9.9,76,1026.8,50.5,2.75
2015-04-10,20.7,3.2,11.7,0.0,12.5,75,1019.4,50.5,2.75
2015-04-11,13.9,6.7,11.0,0.2,31.6,76,1019.2,50.5,2.75
2015-04-12,16.1,2.8,9.1,0.0,21.4,73,1028.1,50.5,2.75
2015-04-13,16.1,7.5,10.9,0.0,17.4,75,1030.7,50.5,2.75
2015-04-14,20.3,5.6,13.0,0.0,15.0,75,1026.8,50.5,2.75
2015-04-15,23.0,5.5,14.7,0.0,10.5,71,1017.8,50.5,2.75
2015-04-16,18.8,7.0,12.9,0.0,17.7,74,1014.1,50.5,2.75
2015-04-17,14.3,7.3,10.3,0.4,22.7,62,1017.0,50.5,2.75
2015-04-18,14.2,3.9,9.1,0.0,24.1,63,1025.1,50.5,2.75
2015-04-19,13.3,3.2,8.4,0.0,16.6,71,1022.6,50.5,2.75
2015-04-20,18.4,4.2,11.1,0.0,16.7,69,1026.5,50.5,2.75
2015-04-21,17.3,4.7,10.6,0.0,20.5,72,1031.1,50.5,2.75
2015-04-22,14.0,3.7,8.9,0.0,21.4,76,1028.8,50.5,2.75
2015-04-23,16.8,3.3,10.0,0.0,11.9,78,1019.8,50.5,2.75
2015-04-24,20.2,4.3,12.2,1.8,17.5,76,1012.8,50.5,2.75
2015-04-25,16.4,10.1,12.7,6.1,19.8,81,1008.2,50.5,2.75
2015-04-26,15.9,9.2,12.1,3.3,16.3,86,1006.5,50.5,2.75
2015-04-27,12.0,5.2,8.9,0.0,23.9,67,1009.0,50.5,2.75
2015-04-28,11.8,2.2,7.3,0.0,22.3,64,1017.1,50.5,2.75
2015-04-29,13.9,3.6,8.7,1.0,23.8,66,1016.6,50.5,2.75
2015-04-30,12.9,5.4,9.1,0.4,17.4,76,1012.8,50.5,2.75
2015-05-01,12.7,3.1,8.3,0.0,17.4,72,1009.0,50.5,2.75
2015-05-02,14.0,4.9,9.7,0.0,15.5,77,1010.0,50.5,2.75
2015-05-03,15.7,11.2,13.2,5.7,26.0,90,1002.1,50.5,2.75
2015-05-04,17.9,11.5,14.5,6.3,20.8,77,1004.7,50.5,2.75
2015-05-05,17.2,13.1,15.9,7.4,37.2,73,999.1,50.5,2.75
2015-05-06,15.5,9.4,12.2,2.8,35.9,66,1009.6,50.5,2.75
2015-05-07,15.0,8.6,11.9,0.1,25.8,68,1017.3,50.5,2.75
2015-05-08,18.7,8.8,14.2,0.4,14.8,70,1014.5,50.5,2.75
2015-05-09,16.4,11.4,14.1,0.4,33.8,74,1017.8,50.5,2.75
2015-05-10,19.7,9.4,13.9,0.0,15.0,77,1025.0,50.5,2.75
2015-05-11,23.4,13.0,17.3,0.0,15.2,73,1020.0,50.5,2.75
2015-05-12,17.8,10.0,13.9,0.0,22.4,70,1019.2,50.5,2.75
2015-05-13,18.1,5.9,12.3,0.0,16.2,71,1019.4,50.5,2.75
2015-05-14,13.0,6.4,10.1,8.6,16.6,83,1012.7,50.5,2.75
2015-05-15,13.9,8.4,10.6,3.6,19.7,79,1018.4,50.5,2.75
2015-05-16,16.4,7.3,11.8,0.3,20.1,82,1024.1,50.5,2.75
2015-05-17,17.1,7.4,12.2,0.0,15.9,70,1025.2,50.5,2.75
2015-05-18,15.9,6.9,10.9,1.0,27.5,77,1011.5,50.5,2.75
2015-05-19,13.3,7.7,10.3,2.0,29.3,73,1007.3,50.5,2.75
2015-05-20,13.6,6.5,10.3,0.6,18.2,70,1015.2,50.5,2.75
2015-05-21,16.5,6.2,11.7,0.0,13.9,70,1025.6,50.5,2.75
2015-05-22,18.1,7.7,13.1,0.0,14.8,76,1026.1,50.5,2.75
2015-05-23,17.6,9.2,13.3,0.5,21.9,82,1022.7,50.5,2.75
2015-05-24,19.3,5.7,12.8,0.2,14.3,73,1020.4,50.5,2.75
2015-05-25,15.4,10.7,13.2,0.3,21.6,78,1017.8,50.5,2.75
2015-05-26,16.4,9.5,13.0,0.4,15.8,69,1021.9,50.5,2.75
2015-05-27,19.0,10.0,14.2,0.0,16.8,68,1023.2,50.5,2.75
2015-05-28,16.9,10.7,13.6,0.7,25.2,69,1015.8,50.5,2.75
2015-05-29,15.1,8.8,11.8,3.1,31.2,76,1011.1,50.5,2.75
2015-05-30,15.3,6.5,11.5,0.0,20.3,70,1014.3,50.5,2.75
2015-05-31,15.8,8.6,12.8,3.9,33.9,82,1010.9,50.5,2.75
2015-06-01,15.8,8.0,12.3,0.0,19.1,63,1015.5,50.5,2.75
2015-06-02,18.8,11.8,15.3,0.0,38.7,67,1011.0,50.5,2.75
2015-06-03,16.8,12.1,14.8,0.0,25.5,67,1021.5,50.5,2.75
2015-06-04,23.0,6.8,15.6,0.0,12.0,69,1025.0,50.5,2.75
2015-06-05,29.1,13.7,20.2,1.5,18.6,70,1017.0,50.5,2.75
2015-06-06,18.5,10.8,14.6,1.2,19.8,62,1024.6,50.5,2.75
2015-06-07,19.2,7.9,13.7,0.0,19.5,66,1030.1,50.5,2.75
2015-06-08,17.4,8.3,12.8,0.0,27.0,63,1030.2,50.5,2.75
2015-06-09,16.8,8.7,12.6,0.0,26.5,60,1028.9,50.5,2.75
2015-06-10,21.0,8.4,14.9,0.0,26.9,62,1025.2,50.5,2.75
2015-06-11,25.6,12.6,19.3,0.0,18.1,58,1017.4,50.5,2.75
2015-06-12,28.3,16.4,21.8,1.1,19.0,64,1008.8,50.5,2.75
2015-06-13,21.2,14.0,17.5,0.0,28.3,64,1010.7,50.5,2.75
2015-06-14,22.4,9.5,16.0,0.0,15.8,71,1012.2,50.5,2.75
2015-06-15,18.7,13.0,15.2,0.0,19.1,69,1018.7,50.5,2.75
2015-06-16,18.9,9.3,14.3,0.0,17.7,58,1024.6,50.5,2.75
2015-06-17,22.6,9.3,16.5,0.0,21.6,69,1024.1,50.5,2.75
2015-06-18,18.5,13.5,16.3,4.0,21.6,73,1019.6,50.5,2.75
2015-06-19,17.2,10.7,14.4,0.0,20.1,67,1020.5,50.5,2.75
2015-06-20,18.8,13.2,15.4,3.6,12.5,73,1021.1,50.5,2.75
2015-06-21,19.0,13.8,16.0,0.5,24.5,79,1016.9,50.5,2.75
2015-06-22,13.6,11.8,12.8,13.5,20.9,87,1011.0,50.5,2.75
2015-06-23,17.2,10.3,13.7,0.1,21.7,73,1015.6,50.5,2.75
2015-06-24,20.7,8.0,15.3,0.0,10.8,71,1021.5,50.5,2.75
2015-06-25,23.9,11.1,18.0,0.0,9.5,66,1021.8,50.5,2.75
2015-06-26,26.7,12.6,20.4,0.2,19.7,67,1018.5,50.5,2.75
2015-06-27,22.4,15.0,18.3,0.0,17.0,68,1019.0,50.5,2.75
2015-06-28,25.3,11.0,18.4,0.0,11.0,65,1020.6,50.5,2.75
2015-06-29,24.3,13.5,19.0,0.0,13.3,68,1021.9,50.5,2.75
2015-06-30,28.5,12.7,21.3,0.0,11.5,61,1019.7,50.5,2.75
2015-07-01,34.6,17.8,26.5,0.0,18.6,51,1014.1,50.5,2.75
2015-07-02,27.3,19.6,23.7,0.0,16.9,61,1018.0,50.5,2.75
2015-07-03,30.5,17.7,23.8,0.0,18.8,65,1022.5,50.5,2.75
2015-07-04,28.0,19.7,25.3,0.2,22.1,56,1018.4,50.5,2.75
2015-07-05,22.5,16.0,19.1,5.6,18.5,68,1018.2,50.5,2.75
2015-07-06,25.1,13.0,19.1,0.0,15.6,64,1020.0,50.5,2.75
2015-07-07,24.6,15.4,19.9,0.3,25.2,66,1011.4,50.5,2.75
2015-07-08,18.7,14.0,16.1,0.7,30.2,75,1012.3,50.5,2.75
2015-07-09,19.1,12.9,16.0,0.0,19.8,64,1021.4,50.5,2.75
2015-07-10,24.5,9.4,17.6,0.0,15.2,56,1021.4,50.5,2.75
2015-07-11,25.8,13.4,19.8,0.0,23.1,56,1016.3,50.5,2.75
2015-07-12,20.3,14.0,16.6,3.1,22.2,78,1019.2,50.5,2.75
2015-07-13,19.3,16.1,17.5,0.9,23.8,83,1017.3,50.5,2.75
2015-07-14,20.5,16.7,18.4,0.1,23.4,79,1018.0,50.5,2.75
2015-07-15,21.4,16.7,18.9,0.2,16.5,83,1019.0,50.5,2.75
2015-07-16,28.8,16.6,22.0,0.0,19.9,76,1015.9,50.5,2.75
2015-07-17,26.1,17.3,22.2,1.0,25.9,68,1012.6,50.5,2.75
2015-07-18,23.5,14.6,19.0,0.1,16.7,64,1017.0,50.5,2.75
2015-07-19,22.1,14.9,18.1,8.7,22.7,76,1011.8,50.5,2.75
2015-07-20,23.0,16.1,19.6,0.8,20.4,79,1012.2,50.5,2.75
2015-07-21,25.5,18.0,21.2,0.2,18.9,71,1013.8,50.5,2.75
2015-07-22,23.3,14.9,19.0,0.0,18.4,66,1015.7,50.5,2.75
2015-07-23,21.9,13.5,17.8,0.3,14.3,67,1017.4,50.5,2.75
2015-07-24,25.3,13.2,18.7,2.7,18.3,68,1009.7,50.5,2.75
2015-07-25,18.4,12.8,16.1,14.3,33.9,75,1008.9,50.5,2.75
2015-07-26,19.2,11.3,14.9,4.8,25.4,81,1010.7,50.5,2.75
2015-07-27,19.8,14.7,16.8,1.3,35.4,76,1002.4,50.5,2.75
2015-07-28,18.0,13.8,15.5,0.0,30.3,68,1007.4,50.5,2.75
2015-07-29,18.2,12.0,15.0,0.4,25.3,65,1010.8,50.5,2.75
2015-07-30,18.2,11.5,14.7,1.5,16.6,76,1016.7,50.5,2.75
2015-07-31,19.1,8.2,14.4,0.0,13.0,70,1018.8,50.5,2.75
2015-08-01,22.4,10.2,16.9,0.0,10.8,60,1016.0,50.5,2.75
2015-08-02,25.6,9.6,18.2,0.0,12.6,61,1018.1,50.5,2.75
2015-08-03,27.9,17.5,22.5,0.0,16.1,55,1012.6,50.5,2.75
2015-08-04,21.4,15.3,18.7,2.0,21.5,68,1014.4,50.5,2.75
2015-08-05,27.4,12.5,19.9,0.0,17.2,58,1014.7,50.5,2.75
2015-08-06,24.0,14.5,19.8,0.0,17.4,68,1013.8,50.5,2.75
2015-08-07,26.2,14.6,20.1,0.2,13.2,64,1017.0,50.5,2.75
2015-08-08,24.9,15.4,20.0,0.0,13.7,70,1021.8,50.5,2.75
2015-08-09,23.6,13.3,19.0,0.0,7.9,67,1020.7,50.5,2.75
2015-08-10,25.0,14.4,19.6,0.0,14.8,73,1018.3,50.5,2.75
2015-08-11,25.4,15.5,20.0,0.0,14.0,77,1018.8,50.5,2.75
2015-08-12,28.0,17.7,22.0,0.2,19.4,71,1020.0,50.5,2.75
2015-08-13,29.3,18.6,23.0,21.2,21.2,78,1012.9,50.5,2.75
2015-08-14,24.1,17.9,21.0,1.5,19.6,79,1007.0,50.5,2.75
2015-08-15,18.8,14.8,16.9,5.4,15.9,87,1009.9,50.5,2.75
2015-08-16,19.5,12.3,16.1,0.0,13.3,72,1015.9,50.5,2.75
2015-08-17,17.1,11.7,14.8,0.5,18.8,72,1016.3,50.5,2.75
2015-08-18,18.3,13.4,15.4,17.9,13.3,80,1015.2,50.5,2.75
2015-08-19,21.8,13.3,17.6,0.0,12.1,70,1018.5,50.5,2.75
2015-08-20,21.6,14.6,18.0,5.2,11.2,77,1021.4,50.5,2.75
2015-08-21,26.0,15.1,20.3,0.0,11.2,76,1021.6,50.5,2.75
2015-08-22,27.6,15.9,21.8,0.0,17.1,62,1015.9,50.5,2.75
2015-08-23,25.1,16.5,19.3,4.0,20.9,67,1004.7,50.5,2.75
2015-08-24,19.4,12.8,16.1,12.2,25.2,87,999.4,50.5,2.75
2015-08-25,19.2,14.1,16.2,5.7,30.5,78,1010.6,50.5,2.75
2015-08-26,26.4,17.8,20.4,2.6,32.6,76,1009.4,50.5,2.75
2015-08-27,18.3,14.0,16.1,9.3,22.3,86,1009.5,50.5,2.75
2015-08-28,20.4,12.0,16.0,0.0,13.5,77,1017.0,50.5,2.75
2015-08-29,24.0,11.2,18.3,0.0,12.3,74,1020.1,50.5,2.75
2015-08-30,28.2,16.6,21.9,0.9,13.4,82,1015.2,50.5,2.75
2015-08-31,24.6,17.0,20.3,9.2,15.0,93,1010.8,50.5,2.75
2015-09-01,18.7,14.0,16.2,0.9,19.1,83,1015.2,50.5,2.75
2015-09-02,18.3,11.1,14.2,5.7,15.4,86,1017.2,50.5,2.75
2015-09-03,17.3,8.7,12.9,1.6,16.6,80,1015.3,50.5,2.75
2015-09-04,16.1,10.1,13.1,0.5,16.8,73,1016.3,50.5,2.75
2015-09-05,16.3,10.2,13.1,0.2,17.8,75,1019.3,50.5,2.75
2015-09-06,15.4,10.7,12.7,0.0,21.4,69,1026.4,50.5,2.75
2015-09-07,17.1,9.5,13.4,0.2,18.5,80,1028.2,50.5,2.75
2015-09-08,17.7,11.6,14.4,0.3,14.6,82,1026.5,50.5,2.75
2015-09-09,19.7,9.8,14.8,0.0,20.7,78,1021.7,50.5,2.75
2015-09-10,20.3,10.0,15.1,0.0,17.1,69,1019.7,50.5,2.75
2015-09-11,20.5,9.7,15.2,0.0,15.3,69,1015.6,50.5,2.75
2015-09-12,19.1,14.3,16.6,1.6,17.8,73,1010.4,50.5,2.75
2015-09-13,15.6,9.6,12.6,14.5,19.7,92,1007.0,50.5,2.75
2015-09-14,17.5,9.8,14.0,3.3,32.3,80,999.3,50.5,2.75
2015-09-15,17.0,10.3,13.5,1.0,35.9,67,1000.7,50.5,2.75
2015-09-16,18.9,12.7,16.0,12.9,28.7,84,990.3,50.5,2.75
2015-09-17,17.3,12.2,15.1,2.1,28.6,77,998.3,50.5,2.75
2015-09-18,17.8,10.6,13.4,7.8,25.0,85,1012.2,50.5,2.75
2015-09-19,17.3,11.1,13.7,0.0,17.7,86,1021.8,50.5,2.75
2015-09-20,18.3,6.9,12.9,0.0,7.0,79,1025.5,50.5,2.75
2015-09-21,18.2,10.2,13.7,2.0,18.9,82,1015.4,50.5,2.75
2015-09-22,14.9,10.7,12.7,6.9,22.1,84,1001.8,50.5,2.75
2015-09-23,16.6,9.8,12.9,0.7,21.4,79,1010.6,50.5,2.75
2015-09-24,17.0,11.7,13.6,1.6,25.4,83,1016.3,50.5,2.75
2015-09-25,17.1,10.1,13.3,0.0,12.2,80,1022.0,50.5,2.75
2015-09-26,16.1,6.9,11.9,0.0,18.4,79,1026.9,50.5,2.75
2015-09-27,17.4,8.0,12.2,0.0,21.1,78,1031.2,50.5,2.75
2015-09-28,16.6,7.9,12.0,0.0,20.7,77,1035.1,50.5,2.75
2015-09-29,17.4,7.6,12.2,0.0,25.5,72,1033.0,50.5,2.75
2015-09-30,16.9,8.0,12.3,0.0,23.9,69,1030.9,50.5,2.75
2015-10-01,15.5,7.3,11.3,0.0,23.4,69,1029.0,50.5,2.75
2015-10-02,17.2,4.9,10.8,0.0,12.8,76,1023.5,50.5,2.75
2015-10-03,18.2,7.0,11.8,0.0,8.9,81,1014.9,50.5,2.75
2015-10-04,17.0,7.5,11.7,0.0,11.6,83,1014.9,50.5,2.75
2015-10-05,17.6,12.6,14.5,8.6,17.7,87,1008.4,50.5,2.75
2015-10-06,19.3,14.4,15.9,4.3,23.9,90,1000.8,50.5,2.75
2015-10-07,15.2,13.6,14.4,0.4,22.1,86,1008.6,50.5,2.75
2015-10-08,15.4,10.0,13.1,0.0,13.0,74,1019.9,50.5,2.75
2015-10-09,15.4,7.1,11.0,0.0,9.3,83,1021.9,50.5,2.75
2015-10-10,15.2,9.3,11.8,0.0,20.6,85,1018.8,50.5,2.75
2015-10-11,13.9,7.3,10.7,0.0,14.8,78,1015.6,50.5,2.75
2015-10-12,13.1,6.2,9.0,0.0,11.9,79,1016.8,50.5,2.75
2015-10-13,9.7,5.6,7.8,0.0,25.3,76,1018.6,50.5,2.75
2015-10-14,11.0,2.9,6.6,1.7,17.9,83,1019.6,50.5,2.75
2015-10-15,6.3,3.0,4.5,0.9,15.5,85,1019.3,50.5,2.75
2015-10-16,8.9,5.8,8.0,5.2,12.8,91,1017.9,50.5,2.75
2015-10-17,11.5,8.4,9.9,0.2,11.3,92,1016.8,50.5,2.75
2015-10-18,11.8,7.0,9.4,0.0,9.7,84,1019.4,50.5,2.75
2015-10-19,14.4,8.9,11.4,0.0,13.5,83,1021.9,50.5,2.75
2015-10-20,13.3,7.3,10.9,1.0,16.2,88,1024.5,50.5,2.75
2015-10-21,12.3,5.5,9.1,2.2,19.9,92,1020.4,50.5,2.75
2015-10-22,15.3,11.2,13.1,0.0,19.8,88,1016.4,50.5,2.75
2015-10-23,13.9,8.9,11.4,0.0,10.9,78,1022.4,50.5,2.75
2015-10-24,14.6,9.9,11.6,0.0,11.3,81,1016.5,50.5,2.75
2015-10-25,12.9,9.0,11.2,0.0,18.3,80,1023.5,50.5,2.75
2015-10-26,16.6,8.5,11.9,0.0,18.2,87,1017.3,50.5,2.75
2015-10-27,17.9,9.1,12.7,0.0,16.4,85,1011.8,50.5,2.75
2015-10-28,15.5,10.8,12.7,5.5,17.4,90,1008.4,50.5,2.75
2015-10-29,13.5,7.2,10.6,0.0,19.5,87,1015.9,50.5,2.75
2015-10-30,15.6,8.9,11.7,0.0,19.0,85,1021.6,50.5,2.75
2015-10-31,15.9,7.4,10.6,0.0,15.6,88,1023.1,50.5,2.75
2015-11-01,15.6,5.1,9.8,0.0,10.1,92,1028.5,50.5,2.75
2015-11-02,13.6,3.8,8.1,0.0,15.4,92,1025.1,50.5,2.75
2015-11-03,16.2,8.1,11.2,0.0,18.8,80,1018.0,50.5,2.75
2015-11-04,15.2,10.4,12.8,1.6,21.7,86,1015.3,50.5,2.75
2015-11-05,17.6,10.4,13.6,6.0,22.6,88,1016.9,50.5,2.75
2015-11-06,17.4,14.3,15.6,4.6,26.1,89,1017.9,50.5,2.75
2015-11-07,20.0,14.8,17.4,0.0,25.9,86,1021.5,50.5,2.75
2015-11-08,17.8,10.9,14.6,0.0,23.8,86,1024.0,50.5,2.75
2015-11-09,16.2,12.6,14.0,0.2,27.4,78,1023.3,50.5,2.75
2015-11-10,15.9,12.3,13.9,0.0,26.7,80,1024.9,50.5,2.75
2015-11-11,14.6,9.5,12.0,0.0,19.9,82,1024.3,50.5,2.75
2015-11-12,15.5,11.4,12.9,0.0,18.1,87,1023.9,50.5,2.75
2015-11-13,13.8,9.2,12.1,0.5,33.2,77,1022.3,50.5,2.75
2015-11-14,11.5,8.7,9.7,4.7,30.8,78,1025.8,50.5,2.75
2015-11-15,14.7,12.1,13.4,0.0,35.9,81,1015.9,50.5,2.75
2015-11-16,13.6,10.4,12.0,1.8,26.4,84,1013.6,50.5,2.75
2015-11-17,15.9,12.6,14.2,5.0,43.7,86,1008.1,50.5,2.75
2015-11-18,14.7,11.9,13.4,0.1,42.4,73,1014.1,50.5,2.75
2015-11-19,13.8,11.3,12.4,12.3,32.6,87,1014.0,50.5,2.75
2015-11-20,10.8,6.0,8.5,5.0,17.6,84,1008.8,50.5,2.75
2015-11-21,6.9,2.3,4.7,1.9,35.7,80,1000.9,50.5,2.75
2015-11-22,6.0,1.9,3.6,2.9,22.9,88,1011.5,50.5,2.75
2015-11-23,6.9,-1.1,2.6,0.0,15.0,84,1023.2,50.5,2.75
2015-11-24,6.9,2.9,4.6,7.2,29.2,86,1016.0,50.5,2.75
2015-11-25,8.6,5.0,6.4,1.2,22.5,89,1009.1,50.5,2.75
2015-11-26,9.2,2.3,5.8,2.0,16.9,88,1018.0,50.5,2.75
2015-11-27,8.1,2.2,5.6,0.0,24.5,92,1015.7,50.5,2.75
2015-11-28,9.1,3.3,6.6,3.3,33.5,80,1013.2,50.5,2.75
2015-11-29,12.1,7.6,10.3,5.8,41.2,84,1011.7,50.5,2.75
2015-11-30,12.3,9.1,11.1,5.7,40.1,83,1018.0,50.5,2.75
2015-12-01,13.3,11.1,12.2,4.6,32.4,89,1023.8,50.5,2.75
2015-12-02,11.9,7.8,9.6,0.0,18.0,79,1026.8,50.5,2.75
2015-12-03,10.5,5.4,7.9,0.0,25.6,79,1025.3,50.5,2.75
2015-12-04,11.6,7.0,9.4,1.8,30.1,80,1026.4,50.5,2.75
2015-12-05,8.1,5.4,6.7,0.0,28.7,79,1026.5,50.5,2.75
2015-12-06,12.6,6.5,10.1,0.0,28.9,80,1021.6,50.5,2.75
2015-12-07,12.0,7.7,9.8,0.0,18.9,88,1027.6,50.5,2.75
2015-12-08,10.7,7.6,9.1,2.9,22.7,90,1025.8,50.5,2.75
2015-12-09,9.9,4.1,6.8,0.0,18.8,89,1034.9,50.5,2.75
2015-12-10,6.0,3.3,4.3,0.0,22.7,88,1031.4,50.5,2.75
2015-12-11,10.3,4.0,8.4,5.7,25.4,88,1024.0,50.5,2.75
2015-12-12,11.2,4.5,8.5,0.4,28.5,91,1022.1,50.5,2.75
2015-12-13,10.8,6.8,9.3,0.0,26.8,87,1019.3,50.5,2.75
2015-12-14,7.1,5.1,5.9,0.1,14.5,90,1018.9,50.5,2.75
2015-12-15,9.7,4.9,7.2,5.7,18.5,92,1019.8,50.5,2.75
2015-12-16,13.5,9.4,11.9,3.9,22.0,92,1021.3,50.5,2.75
2015-12-17,14.7,10.3,12.7,0.0,22.9,83,1020.8,50.5,2.75
2015-12-18,12.7,10.9,11.8,0.1,17.1,87,1021.1,50.5,2.75
2015-12-19,14.3,11.3,12.4,0.0,24.3,86,1018.3,50.5,2.75
2015-12-20,13.8,11.1,12.2,0.0,24.0,79,1014.7,50.5,2.75
2015-12-21,12.7,8.5,10.6,0.3,34.6,78,1019.1,50.5,2.75
2015-12-22,13.9,11.9,13.0,1.4,35.3,77,1019.9,50.5,2.75
2015-12-23,12.9,8.2,10.9,0.6,32.7,80,1022.1,50.5,2.75
2015-12-24,12.5,7.9,9.9,1.1,33.3,85,1018.4,50.5,2.75
2015-12-25,13.8,6.7,9.7,1.2,27.2,85,1024.3,50.5,2.75
2015-12-26,13.7,10.0,11.6,0.0,25.6,79,1024.2,50.5,2.75
2015-12-27,13.2,9.0,10.5,0.0,23.2,82,1024.5,50.5,2.75
2015-12-28,10.8,5.5,7.8,0.0,20.9,87,1022.6,50.5,2.75
2015-12-29,11.7,6.7,9.3,1.7,20.4,83,1021.8,50.5,2.75
2015-12-30,10.5,6.1,8.1,0.1,30.5,82,1019.9,50.5,2.75
2015-12-31,9.8,7.3,8.5,4.1,26.3,76,1016.5,50.5,2.75
2016-01-01,7.9,0.7,5.8,1.3,23.7,92,1020.7,50.5,2.75
2016-01-02,10.5,7.0,8.4,9.5,29.9,88,1005.5,50.5,2.75
2016-01-03,8.8,5.5,7.3,16.8,31.6,88,998.8,50.5,2.75
2016-01-04,9.1,6.5,7.5,2.2,20.3,86,987.4,50.5,2.75
2016-01-05,8.5,4.5,6.5,0.3,21.5,88,988.9,50.5,2.75
2016-01-06,8.8,4.5,6.9,0.5,15.1,90,995.3,50.5,2.75
2016-01-07,10.0,4.3,6.5,10.7,38.5,86,991.6,50.5,2.75
2016-01-08,7.8,2.5,5.1,0.0,22.4,82,1002.2,50.5,2.75
2016-01-09,9.1,4.8,6.7,3.8,30.2,89,997.5,50.5,2.75
2016-01-10,8.7,4.9,6.8,2.8,34.8,83,990.0,50.5,2.75
2016-01-11,7.6,3.8,5.6,2.4,25.0,90,986.0,50.5,2.75
2016-01-12,6.8,5.0,5.7,1.1,27.1,84,996.1,50.5,2.75
2016-01-13,6.4,2.8,4.7,1.0,25.6,81,1012.9,50.5,2.75
2016-01-14,5.6,2.4,3.9,3.9,32.2,85,1006.8,50.5,2.75
2016-01-15,4.6,1.6,3.0,0.8,37.0,68,1014.3,50.5,2.75
2016-01-16,5.6,0.8,2.6,0.0,21.2,84,1025.6,50.5,2.75
2016-01-17,3.7,-2.6,0.9,0.0,13.0,83,1026.7,50.5,2.75
2016-01-18,0.9,-4.3,-2.4,0.0,16.1,78,1018.3,50.5,2.75
2016-01-19,0.9,-5.6,-2.9,0.0,6.5,78,1016.3,50.5,2.75
2016-01-20,2.4,-4.3,-1.5,0.0,12.0,80,1020.0,50.5,2.75
2016-01-21,4.1,-4.1,-1.1,0.0,14.4,82,1024.4,50.5,2.75
2016-01-22,8.5,-1.2,2.0,5.2,23.8,85,1022.3,50.5,2.75
2016-01-23,9.9,5.2,7.1,0.0,18.7,94,1030.5,50.5,2.75
2016-01-24,11.5,4.7,8.2,2.2,21.2,94,1030.0,50.5,2.75
2016-01-25,12.3,7.1,9.9,0.0,20.6,86,1024.5,50.5,2.75
2016-01-26,11.1,6.9,9.2,0.8,29.0,85,1022.4,50.5,2.75
2016-01-27,11.9,9.6,10.7,5.7,31.4,84,1014.8,50.5,2.75
2016-01-28,10.7,3.7,6.6,2.0,19.8,79,1023.6,50.5,2.75
2016-01-29,10.1,3.8,7.4,0.0,31.3,77,1024.1,50.5,2.75
2016-01-30,9.9,4.5,7.8,15.0,34.6,83,1012.9,50.5,2.75
2016-01-31,11.8,4.6,7.4,1.3,31.4,88,1011.2,50.5,2.75
2016-02-01,11.7,10.3,11.1,0.0,34.8,82,1018.3,50.5,2.75
2016-02-02,11.6,6.5,9.3,4.6,31.9,83,1017.1,50.5,2.75
2016-02-03,6.3,3.5,5.1,1.4,25.9,77,1020.6,50.5,2.75
2016-02-04,10.9,2.7,6.9,3.3,26.9,88,1025.3,50.5,2.75
2016-02-05,10.8,7.7,9.4,0.1,22.0,90,1023.1,50.5,2.75
2016-02-06,11.8,8.5,10.0,0.0,37.1,76,1007.1,50.5,2.75
2016-02-07,12.1,6.1,8.5,3.8,34.6,70,998.1,50.5,2.75
2016-02-08,9.3,7.2,8.1,9.6,47.5,77,993.2,50.5,2.75
2016-02-09,7.0,3.3,5.5,17.1,33.5,86,990.5,50.5,2.75
2016-02-10,7.2,3.3,4.8,3.4,24.2,86,995.5,50.5,2.75
2016-02-11,7.3,0.2,3.4,1.4,13.8,91,1004.7,50.5,2.75
2016-02-12,6.4,-0.1,2.7,0.0,21.9,83,997.7,50.5,2.75
2016-02-13,4.0,2.1,3.1,5.4,21.5,90,987.4,50.5,2.75
2016-02-14,5.5,2.4,3.5,0.8,21.0,90,990.7,50.5,2.75
2016-02-15,6.1,1.0,3.3,0.9,22.7,78,1017.3,50.5,2.75
2016-02-16,5.4,-2.6,0.8,0.0,10.1,80,1034.3,50.5,2.75
2016-02-17,4.7,-5.3,-0.9,0.0,13.0,78,1021.8,50.5,2.75
2016-02-18,4.2,-0.8,1.4,2.3,17.1,84,1013.8,50.5,2.75
2016-02-19,8.3,-1.6,3.4,0.0,23.0,83,1019.3,50.5,2.75
2016-02-20,10.8,5.6,8.7,2.7,36.8,89,1012.6,50.5,2.75
2016-02-21,11.6,10.3,10.7,0.0,35.9,86,1014.0,50.5,2.75
2016-02-22,10.2,6.0,8.9,8.7,30.9,88,1009.7,50.5,2.75
2016-02-23,8.0,2.0,5.0,3.8,15.1,87,1015.1,50.5,2.75
2016-02-24,6.8,-2.7,2.0,0.5,9.8,86,1018.0,50.5,2.75
2016-02-25,6.3,-2.9,1.5,0.2,13.9,82,1015.6,50.5,2.75
2016-02-26,6.2,-0.6,2.3,0.2,10.7,82,1011.9,50.5,2.75
2016-02-27,6.7,-2.0,2.0,0.0,25.9,70,1008.0,50.5,2.75
2016-02-28,6.5,-0.7,2.5,0.0,29.2,64,1016.2,50.5,2.75
2016-02-29,6.3,-0.3,2.3,0.0,22.9,74,1023.8,50.5,2.75
2016-03-01,9.1,-3.1,3.1,2.7,27.9,89,1017.4,50.5,2.75
2016-03-02,9.0,4.1,6.4,2.0,35.0,77,1001.2,50.5,2.75
2016-03-03,7.5,2.9,4.7,5.0,26.0,84,1002.3,50.5,2.75
2016-03-04,8.1,2.6,5.2,8.4,28.1,75,994.0,50.5,2.75
2016-03-05,7.5,-0.6,2.9,1.0,16.9,83,996.1,50.5,2.75
2016-03-06,6.9,1.4,3.8,0.7,24.3,84,1002.9,50.5,2.75
2016-03-07,5.8,-1.2,1.9,4.9,17.9,89,1005.7,50.5,2.75
2016-03-08,8.0,0.2,3.8,0.0,16.6,78,1014.8,50.5,2.75
2016-03-09,5.1,2.8,4.4,6.3,36.4,79,1001.5,50.5,2.75
2016-03-10,9.9,0.8,5.0,0.0,10.5,76,1015.9,50.5,2.75
2016-03-11,10.6,-1.8,4.5,0.0,12.9,78,1026.2,50.5,2.75
2016-03-12,10.4,1.6,5.7,0.0,12.7,79,1029.5,50.5,2.75
2016-03-13,9.4,0.3,4.3,0.0,20.5,78,1032.1,50.5,2.75
2016-03-14,8.3,-0.8,3.7,0.0,21.4,76,1030.9,50.5,2.75
2016-03-15,10.7,-2.0,4.5,0.0,21.5,78,1027.5,50.5,2.75
2016-03-16,7.3,3.6,5.6,0.0,25.9,74,1026.5,50.5,2.75
2016-03-17,10.4,-0.1,4.8,0.0,16.8,72,1027.9,50.5,2.75
2016-03-18,7.9,-0.5,3.9,0.0,15.3,87,1024.8,50.5,2.75
2016-03-19,7.1,4.0,5.4,0.1,18.6,79,1023.7,50.5,2.75
2016-03-20,8.2,3.4,5.8,0.0,16.5,79,1022.8,50.5,2.75
2016-03-21,10.4,5.3,7.5,0.2,13.0,78,1021.9,50.5,2.75
2016-03-22,11.7,1.4,6.8,0.0,14.0,78,1017.3,50.5,2.75
2016-03-23,10.0,3.9,6.9,0.0,17.0,82,1015.5,50.5,2.75
2016-03-24,10.0,4.7,7.3,0.5,18.0,80,1015.4,50.5,2.75
2016-03-25,10.8,3.5,7.7,6.5,18.6,83,1014.1,50.5,2.75
2016-03-26,13.2,2.6,8.5,0.0,33.7,82,1011.9,50.5,2.75
2016-03-27,12.8,5.3,8.9,14.9,32.6,75,1005.6,50.5,2.75
2016-03-28,11.3,6.2,8.8,7.0,44.3,75,996.1,50.5,2.75
2016-03-29,11.6,5.6,8.2,1.0,31.1,75,1005.7,50.5,2.75
2016-03-30,11.5,6.2,8.6,1.9,22.9,78,1009.6,50.5,2.75
2016-03-31,10.3,5.7,7.5,3.0,17.9,87,1013.0,50.5,2.75
2016-04-01,12.2,1.2,7.2,0.0,15.9,77,1019.8,50.5,2.75
2016-04-02,13.9,3.1,9.2,1.9,19.3,77,1014.9,50.5,2.75
2016-04-03,19.5,9.2,14.2,0.3,18.6,78,1007.4,50.5,2.75
2016-04-04,15.1,9.7,12.3,2.2,27.3,76,1004.5,50.5,2.75
2016-04-05,13.9,6.5,9.8,0.0,20.9,79,1007.5,50.5,2.75
2016-04-06,10.8,6.7,8.5,0.4,32.4,81,1010.4,50.5,2.75
2016-04-07,10.4,4.6,7.1,2.1,25.5,76,1010.0,50.5,2.75
2016-04-08,12.4,3.2,7.9,1.1,10.8,84,1011.8,50.5,2.75
2016-04-09,12.7,3.4,7.7,3.9,27.8,82,1006.6,50.5,2.75
2016-04-10,15.4,-0.3,8.0,0.0,18.6,77,1008.7,50.5,2.75
2016-04-11,15.8,8.4,11.7,2.4,22.1,74,1006.2,50.5,2.75
2016-04-12,15.4,5.6,10.6,1.2,16.6,81,1008.1,50.5,2.75
2016-04-13,13.5,5.3,9.2,3.6,8.3,82,1008.3,50.5,2.75
2016-04-14,16.2,3.2,9.7,3.5,13.4,81,1010.9,50.5,2.75
2016-04-15,14.6,9.3,11.6,5.1,27.4,73,1002.8,50.5,2.75
2016-04-16,11.6,4.6,9.2,2.7,26.1,79,1002.5,50.5,2.75
2016-04-17,10.5,2.2,6.2,0.3,15.1,74,1013.7,50.5,2.75
2016-04-18,12.3,0.2,6.7,0.0,20.2,71,1022.5,50.5,2.75
2016-04-19,13.1,6.4,9.5,0.0,15.2,73,1027.2,50.5,2.75
2016-04-20,14.4,2.6,8.6,0.0,20.8,71,1028.7,50.5,2.75
2016-04-21,17.7,4.9,11.1,0.0,16.8,67,1022.4,50.5,2.75
2016-04-22,14.4,8.0,11.0,0.0,18.8,69,1018.8,50.5,2.75
2016-04-23,9.6,4.1,7.4,0.6,25.6,71,1017.1,50.5,2.75
2016-04-24,9.0,2.6,5.2,3.2,22.9,75,1018.4,50.5,2.75
2016-04-25,10.7,2.9,6.7,5.3,26.9,83,1010.9,50.5,2.75
2016-04-26,8.4,1.6,5.1,1.5,26.9,74,1005.8,50.5,2.75
2016-04-27,9.8,3.0,5.7,3.6,21.6,77,1010.4,50.5,2.75
2016-04-28,10.3,-0.0,5.3,0.7,17.4,75,1014.6,50.5,2.75
2016-04-29,11.0,4.9,7.5,4.2,22.7,78,1013.1,50.5,2.75
2016-04-30,11.3,3.5,7.4,0.4,19.9,73,1019.3,50.5,2.75
2016-05-01,13.7,0.6,7.6,0.0,12.7,71,1027.7,50.5,2.75
2016-05-02,15.3,0.6,8.9,0.4,16.9,74,1024.3,50.5,2.75
2016-05-03,14.4,6.0,10.5,0.7,20.1,69,1024.6,50.5,2.75
2016-05-04,16.1,2.1,9.9,0.0,11.8,69,1027.6,50.5,2.75
2016-05-05,18.3,5.8,12.3,0.0,16.1,59,1021.2,50.5,2.75
2016-05-06,22.0,7.6,15.0,0.0,15.3,70,1011.8,50.5,2.75
2016-05-07,23.0,10.2,16.6,0.0,17.7,68,1008.4,50.5,2.75
2016-05-08,24.4,9.2,17.5,0.0,16.4,65,1008.0,50.5,2.75
2016-05-09,22.7,12.2,17.8,0.7,21.4,67,1008.9,50.5,2.75
2016-05-10,20.2,14.8,16.7,7.3,17.4,86,1006.6,50.5,2.75
2016-05-11,21.7,12.9,17.0,7.3,12.1,85,1003.2,50.5,2.75
2016-05-12,21.7,12.2,16.9,0.9,10.5,82,999.5,50.5,2.75
2016-05-13,21.0,10.1,15.7,0.6,25.7,75,1004.4,50.5,2.75
2016-05-14,11.5,7.4,9.5,0.0,23.8,65,1016.5,50.5,2.75
2016-05-15,13.6,5.4,9.4,3.5,17.1,72,1022.2,50.5,2.75
2016-05-16,14.3,6.3,10.6,0.0,7.0,76,1021.2,50.5,2.75
2016-05-17,16.2,7.6,12.0,0.2,18.0,80,1017.8,50.5,2.75
2016-05-18,16.3,8.8,12.2,5.7,21.5,81,1008.3,50.5,2.75
2016-05-19,17.3,7.2,11.8,0.0,18.0,77,1010.7,50.5,2.75
2016-05-20,17.3,10.0,14.0,0.3,23.1,78,1016.8,50.5,2.75
2016-05-21,22.5,12.3,17.3,2.4,24.5,76,1012.5,50.5,2.75
2016-05-22,17.5,11.8,15.3,27.3,16.7,88,1007.2,50.5,2.75
2016-05-23,16.1,10.6,12.9,3.7,19.2,87,1015.0,50.5,2.75
2016-05-24,14.7,9.1,11.4,0.0,19.9,75,1019.4,50.5,2.75
2016-05-25,16.2,6.5,11.7,0.0,11.9,69,1016.1,50.5,2.75
2016-05-26,20.1,9.0,14.4,0.0,13.7,76,1015.5,50.5,2.75
2016-05-27,22.0,11.6,16.4,6.4,13.7,82,1014.6,50.5,2.75
2016-05-28,21.4,11.9,16.4,1.7,16.9,85,1013.2,50.5,2.75
2016-05-29,20.5,12.1,15.5,8.2,20.0,90,1008.6,50.5,2.75
2016-05-30,13.8,12.2,13.0,22.1,31.6,94,1008.8,50.5,2.75
2016-05-31,19.6,12.5,15.4,16.0,26.1,90,1008.7,50.5,2.75
2016-06-01,16.5,13.2,14.6,3.7,21.4,94,1016.2,50.5,2.75
2016-06-02,13.9,11.6,12.8,0.3,28.8,90,1014.8,50.5,2.75
2016-06-03,14.3,10.9,12.3,1.1,18.5,88,1014.6,50.5,2.75
2016-06-04,19.1,11.7,15.0,0.4,14.3,88,1015.3,50.5,2.75
2016-06-05,23.5,12.1,17.4,0.8,14.4,86,1017.9,50.5,2.75
2016-06-06,24.4,12.4,18.2,3.3,12.3,83,1020.1,50.5,2.75
2016-06-07,24.5,14.8,19.1,14.8,12.9,88,1020.9,50.5,2.75
2016-06-08,22.7,13.1,17.4,0.9,17.7,78,1022.2,50.5,2.75
2016-06-09,19.9,10.5,14.9,0.0,13.8,78,1020.9,50.5,2.75
2016-06-10,21.5,8.9,15.8,0.0,7.4,73,1014.2,50.5,2.75
2016-06-11,21.3,13.8,17.6,0.6,9.2,77,1010.2,50.5,2.75
2016-06-12,19.8,13.5,16.3,1.3,19.2,84,1009.0,50.5,2.75
2016-06-13,18.6,14.0,15.8,1.1,21.3,84,1003.3,50.5,2.75
2016-06-14,17.9,12.7,15.1,1.6,22.6,81,999.6,50.5,2.75
2016-06-15,17.4,10.9,14.2,5.0,16.2,83,998.8,50.5,2.75
2016-06-16,18.1,10.0,14.5,9.2,8.4,85,1001.6,50.5,2.75
2016-06-17,18.0,10.7,14.5,5.8,14.8,85,1006.4,50.5,2.75
2016-06-18,17.1,11.3,14.3,8.0,18.7,86,1017.3,50.5,2.75
2016-06-19,19.2,8.4,14.7,0.0,10.8,76,1024.5,50.5,2.75
2016-06-20,16.4,14.7,15.5,6.3,27.8,89,1017.6,50.5,2.75
2016-06-21,19.1,15.2,16.6,2.9,15.4,88,1018.0,50.5,2.75
2016-06-22,25.8,14.5,20.6,0.0,15.3,80,1020.2,50.5,2.75
2016-06-23,27.9,19.5,22.5,14.6,13.0,84,1016.5,50.5,2.75
2016-06-24,21.3,15.3,18.5,1.9,15.8,77,1018.4,50.5,2.75
2016-06-25,18.6,12.7,15.6,0.2,21.0,76,1017.4,50.5,2.75
2016-06-26,18.4,12.6,15.2,6.9,20.6,83,1018.1,50.5,2.75
2016-06-27,19.2,13.1,16.1,1.6,25.2,82,1018.4,50.5,2.75
2016-06-28,20.2,11.7,16.4,1.2,16.6,76,1016.0,50.5,2.75
2016-06-29,19.5,13.8,16.2,0.4,25.4,74,1011.9,50.5,2.75
2016-06-30,19.0,14.4,16.5,2.1,22.3,83,1011.6,50.5,2.75
2016-07-01,19.2,14.5,17.4,2.8,24.5,83,1012.0,50.5,2.75
2016-07-02,17.5,12.2,14.9,0.7,28.2,74,1015.0,50.5,2.75
2016-07-03,17.7,11.8,14.9,0.3,17.4,76,1019.8,50.5,2.75
2016-07-04,21.3,13.9,17.4,0.3,12.6,76,1019.4,50.5,2.75
2016-07-05,19.3,14.0,16.8,0.5,23.8,78,1017.8,50.5,2.75
2016-07-06,20.2,13.6,16.6,0.0,12.8,71,1021.7,50.5,2.75
2016-07-07,24.0,10.0,17.5,0.0,13.4,74,1020.4,50.5,2.75
2016-07-08,21.6,12.7,17.5,0.0,25.4,74,1017.3,50.5,2.75
2016-07-09,24.2,14.0,19.3,0.0,16.5,77,1019.4,50.5,2.75
2016-07-10,25.7,16.7,20.7,0.0,19.1,75,1011.7,50.5,2.75
2016-07-11,20.9,16.1,18.3,0.1,28.6,70,1011.0,50.5,2.75
2016-07-12,19.6,14.3,16.8,0.1,21.7,74,1012.9,50.5,2.75
2016-07-13,17.0,12.7,14.3,8.2,19.6,85,1016.1,50.5,2.75
2016-07-14,18.3,10.8,14.8,1.1,19.0,79,1022.1,50.5,2.75
2016-07-15,20.5,10.8,16.0,0.0,18.0,72,1026.4,50.5,2.75
2016-07-16,23.0,14.7,18.9,0.0,16.5,77,1025.2,50.5,2.75
2016-07-17,25.0,15.0,20.2,1.0,13.9,77,1022.6,50.5,2.75
2016-07-18,27.2,15.2,21.7,0.0,10.0,73,1021.4,50.5,2.75
2016-07-19,30.2,15.5,23.6,0.0,11.9,70,1018.3,50.5,2.75
2016-07-20,29.0,20.1,24.5,0.0,20.6,65,1012.1,50.5,2.75
2016-07-21,24.2,16.1,20.2,0.0,14.4,74,1015.6,50.5,2.75
2016-07-22,23.6,16.4,19.7,0.4,15.5,77,1017.2,50.5,2.75
2016-07-23,25.2,15.7,20.1,0.0,14.8,75,1019.7,50.5,2.75
2016-07-24,24.8,13.5,19.1,0.0,15.1,74,1020.3,50.5,2.75
2016-07-25,23.1,16.9,19.6,0.0,15.2,74,1019.8,50.5,2.75
2016-07-26,22.2,13.4,18.0,0.0,14.4,75,1021.2,50.5,2.75
2016-07-27,21.5,13.8,17.8,0.5,22.7,80,1018.3,50.5,2.75
2016-07-28,21.9,16.7,19.2,2.2,21.3,74,1015.3,50.5,2.75
2016-07-29,21.6,17.1,19.1,0.2,24.1,76,1012.9,50.5,2.75
2016-07-30,20.0,14.7,17.7,0.5,16.3,79,1013.4,50.5,2.75
2016-07-31,21.8,14.5,17.9,0.6,14.1,73,1015.8,50.5,2.75
2016-08-01,20.9,13.4,17.0,0.0,16.6,72,1019.1,50.5,2.75
2016-08-02,18.6,14.2,16.8,11.5,25.3,89,1013.8,50.5,2.75
2016-08-03,19.4,16.6,18.4,12.7,23.1,92,1011.4,50.5,2.75
2016-08-04,20.8,15.1,17.6,0.0,22.7,76,1011.6,50.5,2.75
2016-08-05,21.6,13.7,17.5,0.0,17.8,79,1018.9,50.5,2.75
2016-08-06,22.4,14.2,18.2,0.0,15.3,74,1026.4,50.5,2.75
2016-08-07,22.8,13.8,18.3,0.0,21.1,81,1026.3,50.5,2.75
2016-08-08,20.8,14.7,17.5,0.0,21.2,72,1021.6,50.5,2.75
2016-08-09,19.1,12.6,15.9,0.0,16.8,66,1023.2,50.5,2.75
2016-08-10,17.8,12.1,14.5,1.7,15.9,74,1023.6,50.5,2.75
2016-08-11,17.8,9.9,14.2,2.9,24.1,83,1022.9,50.5,2.75
2016-08-12,22.6,15.0,18.6,0.0,17.1,80,1023.9,50.5,2.75
2016-08-13,24.1,13.4,18.4,0.0,15.5,75,1023.2,50.5,2.75
2016-08-14,22.7,14.0,18.0,0.1,18.0,80,1023.6,50.5,2.75
2016-08-15,22.8,12.8,17.8,0.0,15.8,71,1023.2,50.5,2.75
2016-08-16,24.4,12.8,18.5,0.0,16.5,71,1017.7,50.5,2.75
2016-08-17,25.7,14.3,19.7,0.0,12.0,69,1012.3,50.5,2.75
2016-08-18,24.5,14.5,19.6,0.0,7.6,69,1009.4,50.5,2.75
2016-08-19,23.4,15.1,19.4,4.7,18.2,81,1008.6,50.5,2.75
2016-08-20,21.4,15.6,18.5,0.3,26.1,69,1010.9,50.5,2.75
2016-08-21,18.8,14.9,16.6,5.8,29.0,78,1017.4,50.5,2.75
2016-08-22,23.8,15.8,19.3,0.2,19.5,72,1024.7,50.5,2.75
2016-08-23,28.8,12.7,21.1,0.0,16.1,69,1024.1,50.5,2.75
2016-08-24,32.3,19.4,25.3,0.0,15.7,60,1018.6,50.5,2.75
2016-08-25,33.0,18.7,25.8,0.0,11.4,63,1014.4,50.5,2.75
2016-08-26,28.8,19.8,24.0,0.0,13.4,73,1016.1,50.5,2.75
2016-08-27,32.5,18.6,24.5,0.4,18.4,69,1015.6,50.5,2.75
2016-08-28,23.9,18.4,21.0,0.0,25.0,71,1014.3,50.5,2.75
2016-08-29,22.8,16.5,19.3,0.4,14.2,72,1020.1,50.5,2.75
2016-08-30,24.3,12.8,18.5,0.0,10.8,70,1024.6,50.5,2.75
2016-08-31,25.7,15.1,19.7,0.0,18.8,64,1020.7,50.5,2.75
2016-09-01,23.1,14.8,18.5,0.1,14.1,75,1023.0,50.5,2.75
2016-09-02,24.0,12.7,17.9,0.0,16.2,73,1020.6,50.5,2.75
2016-09-03,24.3,14.8,19.4,0.3,15.8,70,1017.6,50.5,2.75
2016-09-04,20.4,17.1,18.6,5.5,32.4,79,1013.6,50.5,2.75
2016-09-05,19.0,16.1,17.5,0.9,15.2,87,1019.9,50.5,2.75
2016-09-06,22.3,18.2,20.0,0.4,8.5,88,1024.1,50.5,2.75
2016-09-07,26.6,15.4,21.1,0.0,13.7,69,1018.9,50.5,2.75
2016-09-08,24.7,14.8,19.2,0.0,26.4,71,1012.4,50.5,2.75
2016-09-09,24.4,12.7,18.3,0.0,12.6,71,1017.6,50.5,2.75
2016-09-10,25.3,13.9,19.8,1.4,18.9,60,1015.3,50.5,2.75
2016-09-11,22.7,17.5,19.5,0.0,9.8,78,1016.7,50.5,2.75
2016-09-12,28.2,18.2,23.0,0.0,11.7,69,1014.6,50.5,2.75
2016-09-13,31.2,19.4,24.8,0.0,16.4,59,1010.8,50.5,2.75
2016-09-14,28.0,20.9,24.1,0.0,16.3,55,1010.4,50.5,2.75
2016-09-15,25.9,17.6,21.0,0.9,18.1,75,1009.9,50.5,2.75
2016-09-16,21.9,15.2,17.7,13.6,25.0,80,1011.5,50.5,2.75
2016-09-17,18.6,14.4,16.0,8.9,20.5,82,1016.1,50.5,2.75
2016-09-18,21.3,14.1,17.4,0.0,19.4,84,1018.3,50.5,2.75
2016-09-19,21.1,14.7,17.2,0.0,9.4,76,1019.9,50.5,2.75
2016-09-20,20.2,13.0,16.4,0.0,8.7,75,1018.8,50.5,2.75
2016-09-21,21.0,10.0,15.8,0.0,7.6,72,1018.5,50.5,2.75
2016-09-22,21.5,12.3,16.7,0.0,11.5,75,1019.9,50.5,2.75
2016-09-23,20.5,12.8,16.4,0.0,9.8,76,1024.1,50.5,2.75
2016-09-24,23.5,12.3,17.3,0.0,23.1,69,1021.1,50.5,2.75
2016-09-25,20.2,12.8,16.3,0.3,21.3,69,1016.6,50.5,2.75
2016-09-26,18.8,9.6,13.9,0.2,10.8,74,1023.4,50.5,2.75
2016-09-27,21.2,9.8,15.4,0.0,17.8,69,1024.9,50.5,2.75
2016-09-28,21.1,15.9,17.8,0.1,20.7,72,1025.6,50.5,2.75
2016-09-29,19.3,14.3,16.4,0.0,26.5,81,1018.1,50.5,2.75
2016-09-30,18.6,12.4,15.3,0.1,14.8,76,1014.2,50.5,2.75
2016-10-01,18.3,10.8,13.7,4.2,20.1,81,1008.6,50.5,2.75
2016-10-02,15.5,10.5,12.6,0.5,23.8,77,1013.3,50.5,2.75
2016-10-03,18.0,8.6,12.8,0.0,15.1,80,1026.6,50.5,2.75
2016-10-04,17.2,9.0,12.9,0.0,23.2,81,1030.0,50.5,2.75
2016-10-05,14.9,8.1,11.5,0.0,26.0,64,1029.1,50.5,2.75
2016-10-06,12.4,5.8,9.3,0.0,23.7,69,1024.3,50.5,2.75
2016-10-07,14.3,8.7,11.3,0.1,18.2,78,1021.0,50.5,2.75
2016-10-08,14.9,7.3,11.1,0.1,12.3,79,1023.7,50.5,2.75
2016-10-09,14.4,6.7,10.0,0.0,10.5,71,1026.0,50.5,2.75
2016-10-10,13.8,6.3,9.2,2.2,12.3,84,1024.0,50.5,2.75
2016-10-11,12.9,3.5,8.0,0.0,10.8,80,1021.7,50.5,2.75
2016-10-12,11.2,5.8,8.4,1.0,16.4,88,1019.1,50.5,2.75
2016-10-13,13.3,5.3,9.3,0.0,23.8,75,1012.5,50.5,2.75
2016-10-14,14.9,8.4,10.9,4.7,12.4,78,1005.6,50.5,2.75
2016-10-15,17.1,10.7,13.3,2.0,23.1,79,1008.7,50.5,2.75
2016-10-16,19.8,9.4,14.0,4.3,21.7,79,1015.8,50.5,2.75
2016-10-17,17.2,10.2,13.3,3.4,16.6,84,1020.2,50.5,2.75
2016-10-18,13.4,9.7,11.3,3.7,23.8,86,1020.8,50.5,2.75
2016-10-19,13.1,9.1,10.6,1.9,23.2,79,1018.7,50.5,2.75
2016-10-20,13.7,8.6,10.6,1.0,20.0,88,1016.7,50.5,2.75
2016-10-21,12.9,7.4,9.7,0.2,11.2,88,1017.0,50.5,2.75
2016-10-22,13.4,6.6,9.3,0.5,8.0,88,1014.7,50.5,2.75
2016-10-23,11.1,4.2,7.2,0.5,18.9,90,1011.6,50.5,2.75
2016-10-24,13.4,8.0,10.1,0.7,14.3,88,1011.5,50.5,2.75
2016-10-25,14.4,7.6,10.7,0.0,6.6,87,1021.9,50.5,2.75
2016-10-26,15.5,7.6,11.7,0.0,8.7,85,1028.7,50.5,2.75
2016-10-27,15.6,10.2,12.6,0.0,16.4,88,1032.6,50.5,2.75
2016-10-28,15.2,12.0,13.3,0.0,15.5,82,1034.1,50.5,2.75
2016-10-29,16.1,11.2,13.1,0.0,7.6,85,1034.6,50.5,2.75
2016-10-30,14.2,8.5,10.9,0.0,9.8,90,1030.3,50.5,2.75
2016-10-31,16.6,6.9,11.2,0.0,8.4,86,1027.1,50.5,2.75
2016-11-01,14.3,5.0,9.6,0.0,15.2,92,1022.2,50.5,2.75
2016-11-02,11.4,6.0,8.8,0.0,14.6,73,1022.6,50.5,2.75
2016-11-03,10.9,3.4,6.6,0.0,11.3,84,1022.2,50.5,2.75
2016-11-04,9.5,4.5,6.7,4.8,16.4,89,1012.4,50.5,2.75
2016-11-05,10.1,5.4,7.9,0.0,18.1,84,1003.3,50.5,2.75
2016-11-06,7.7,3.3,5.6,0.2,21.9,77,1003.5,50.5,2.75
2016-11-07,7.9,4.0,5.7,0.5,15.4,86,1005.5,50.5,2.75
2016-11-08,7.0,2.0,3.9,0.1,15.5,87,1010.0,50.5,2.75
2016-11-09,7.3,4.0,5.9,12.8,23.7,92,1000.0,50.5,2.75
2016-11-10,10.3,5.1,7.1,2.0,18.4,88,1006.4,50.5,2.75
2016-11-11,7.8,0.1,5.1,0.0,17.9,83,1018.1,50.5,2.75
2016-11-12,5.6,-1.2,2.3,3.6,20.1,85,1021.3,50.5,2.75
2016-11-13,10.0,5.2,7.1,0.3,15.5,92,1023.1,50.5,2.75
2016-11-14,9.2,2.5,5.8,1.4,15.9,97,1030.8,50.5,2.75
2016-11-15,13.7,9.6,12.0,3.0,16.6,97,1026.2,50.5,2.75
2016-11-16,13.8,11.2,12.5,2.7,24.4,93,1018.2,50.5,2.75
2016-11-17,11.7,9.0,10.6,6.4,33.3,88,1005.7,50.5,2.75
2016-11-18,10.5,5.4,7.4,12.9,30.0,82,998.0,50.5,2.75
2016-11-19,7.8,4.7,6.0,0.2,24.5,77,1004.0,50.5,2.75
2016-11-20,11.8,6.7,9.4,9.4,50.3,75,992.2,50.5,2.75
2016-11-21,14.0,9.3,11.7,9.0,28.4,86,994.0,50.5,2.75
2016-11-22,12.1,7.0,10.4,0.0,33.2,76,1004.5,50.5,2.75
2016-11-23,11.1,5.0,7.8,6.8,16.5,95,1015.0,50.5,2.75
2016-11-24,10.8,6.5,8.4,0.2,24.0,90,1018.3,50.5,2.75
2016-11-25,7.9,3.9,5.6,0.0,22.0,83,1018.5,50.5,2.75
2016-11-26,7.8,2.2,4.9,0.0,10.8,87,1019.4,50.5,2.75
2016-11-27,8.2,3.1,5.6,0.0,14.5,89,1022.0,50.5,2.75
2016-11-28,5.7,-0.1,3.2,0.0,20.3,78,1027.9,50.5,2.75
2016-11-29,2.7,-3.4,-1.0,0.0,16.2,77,1033.0,50.5,2.75
2016-11-30,4.1,-4.5,-1.1,0.0,10.3,82,1034.4,50.5,2.75
2016-12-01,6.2,-0.8,2.1,0.0,10.9,91,1030.2,50.5,2.75
2016-12-02,9.2,4.0,6.2,0.0,9.7,95,1025.4,50.5,2.75
2016-12-03,6.0,-0.2,3.5,0.0,16.7,91,1024.6,50.5,2.75
2016-12-04,4.3,-2.9,-0.2,0.0,13.8,80,1024.1,50.5,2.75
2016-12-05,5.9,-2.1,0.9,0.0,10.5,90,1025.1,50.5,2.75
2016-12-06,8.0,0.4,3.6,0.0,15.5,91,1028.6,50.5,2.75
2016-12-07,10.7,3.5,6.2,0.0,19.7,86,1030.0,50.5,2.75
2016-12-08,9.6,3.5,6.3,0.0,19.9,81,1029.0,50.5,2.75
2016-12-09,11.1,6.3,8.7,0.0,15.3,84,1028.6,50.5,2.75
2016-12-10,10.3,4.4,7.1,0.1,21.0,92,1024.3,50.5,2.75
2016-12-11,10.3,4.9,7.7,0.9,29.7,89,1023.5,50.5,2.75
2016-12-12,6.8,4.7,5.9,0.5,16.6,92,1025.4,50.5,2.75
2016-12-13,9.2,5.6,7.3,0.6,14.8,93,1023.1,50.5,2.75
2016-12-14,9.1,4.1,6.2,0.0,12.4,90,1022.2,50.5,2.75
2016-12-15,7.1,2.3,4.3,0.0,14.4,92,1022.2,50.5,2.75
2016-12-16,9.2,2.6,5.3,0.0,14.8,90,1025.1,50.5,2.75
2016-12-17,8.6,-0.2,4.0,0.0,7.2,96,1036.8,50.5,2.75
2016-12-18,7.6,5.4,6.1,0.0,7.8,96,1036.9,50.5,2.75
2016-12-19,6.8,3.8,5.7,0.0,11.6,94,1027.7,50.5,2.75
2016-12-20,4.7,-0.9,2.2,0.0,12.6,89,1022.6,50.5,2.75
2016-12-21,6.7,2.0,4.2,2.6,23.4,87,1024.1,50.5,2.75
2016-12-22,9.6,4.5,7.1,7.5,16.6,94,1027.7,50.5,2.75
2016-12-23,6.9,3.8,5.0,0.0,28.0,91,1031.3,50.5,2.75
2016-12-24,9.9,6.0,8.3,0.0,27.2,80,1027.6,50.5,2.75
2016-12-25,11.0,8.9,9.9,0.0,26.3,86,1026.8,50.5,2.75
2016-12-26,11.2,3.0,8.9,0.8,23.0,80,1030.4,50.5,2.75
2016-12-27,7.3,-0.6,3.3,0.0,12.7,89,1042.7,50.5,2.75
2016-12-28,3.6,-1.6,0.1,0.0,9.3,96,1044.1,50.5,2.75
2016-12-29,4.0,-3.5,-1.0,0.0,10.5,90,1039.2,50.5,2.75
2016-12-30,0.1,-4.1,-2.1,0.0,11.6,96,1037.4,50.5,2.75
2016-12-31,0.0,-1.9,-1.2,0.0,13.0,95,1033.4,50.5,2.75
2017-01-01,1.5,-4.2,-1.0,0.0,21.1,90,1021.4,50.5,2.75
2017-01-02,5.2,-0.6,1.4,1.2,16.4,92,1024.8,50.5,2.75
2017-01-03,4.9,-1.5,1.4,0.0,20.2,89,1027.8,50.5,2.75
2017-01-04,7.5,2.8,4.6,1.6,26.0,85,1022.4,50.5,2.75
2017-01-05,5.8,-2.8,2.9,0.3,16.8,85,1031.6,50.5,2.75
2017-01-06,1.3,-4.6,-2.1,0.0,15.2,82,1038.9,50.5,2.75
2017-01-07,5.9,-0.9,2.5,0.0,19.9,82,1033.0,50.5,2.75
2017-01-08,7.2,3.0,5.2,0.2,10.4,99,1032.0,50.5,2.75
2017-01-09,7.6,3.5,5.9,5.0,28.3,96,1023.7,50.5,2.75
2017-01-10,7.3,2.7,4.8,1.5,25.3,90,1010.9,50.5,2.75
2017-01-11,11.4,4.8,8.0,1.0,28.5,82,1010.9,50.5,2.75
2017-01-12,6.7,4.8,5.7,12.0,24.9,81,1006.2,50.5,2.75
2017-01-13,4.2,0.7,2.4,10.5,56.5,79,1003.5,50.5,2.75
2017-01-14,4.3,-1.0,1.6,1.2,26.6,76,1017.1,50.5,2.75
2017-01-15,3.5,0.0,1.6,2.8,14.2,92,1022.3,50.5,2.75
2017-01-16,3.0,-2.0,0.5,0.4,8.7,96,1027.1,50.5,2.75
2017-01-17,-1.6,-4.7,-3.0,0.0,10.5,89,1036.2,50.5,2.75
2017-01-18,0.9,-5.2,-3.3,0.0,13.8,82,1038.5,50.5,2.75
2017-01-19,1.9,-4.7,-2.5,0.0,11.1,75,1036.6,50.5,2.75
2017-01-20,2.8,-5.1,-2.1,0.0,11.6,69,1033.4,50.5,2.75
2017-01-21,2.1,-4.7,-2.5,0.0,9.9,72,1028.9,50.5,2.75
2017-01-22,3.0,-5.2,-2.2,0.0,12.6,83,1027.4,50.5,2.75
2017-01-23,1.7,-3.3,-0.7,0.0,6.8,95,1028.2,50.5,2.75
2017-01-24,4.0,-2.7,0.2,0.0,8.1,93,1028.9,50.5,2.75
2017-01-25,0.9,-4.7,-1.8,0.0,9.5,89,1029.3,50.5,2.75
2017-01-26,1.5,-6.2,-3.2,0.0,14.0,75,1023.1,50.5,2.75
2017-01-27,7.1,-3.9,1.9,0.3,22.5,76,1014.5,50.5,2.75
2017-01-28,9.1,2.7,5.2,0.0,25.3,78,1014.1,50.5,2.75
2017-01-29,6.7,1.5,4.2,6.4,29.5,88,1017.1,50.5,2.75
2017-01-30,9.5,5.2,7.5,3.1,32.2,92,1011.6,50.5,2.75
2017-01-31,5.0,3.2,4.0,0.0,13.8,93,1015.5,50.5,2.75
2017-02-01,10.4,5.3,8.1,1.5,22.6,95,1011.5,50.5,2.75
2017-02-02,12.7,7.7,9.6,2.9,25.2,86,1003.7,50.5,2.75
2017-02-03,10.8,6.2,8.5,1.2,26.3,81,1000.3,50.5,2.75
2017-02-04,7.1,3.2,4.9,6.4,27.4,93,998.3,50.5,2.75
2017-02-05,6.2,2.7,4.6,10.6,22.4,93,1001.0,50.5,2.75
2017-02-06,7.6,4.2,5.3,3.2,21.0,88,1016.7,50.5,2.75
2017-02-07,7.8,4.4,5.7,9.3,17.1,90,1014.9,50.5,2.75
2017-02-08,5.9,2.8,4.6,0.0,19.0,89,1022.7,50.5,2.75
2017-02-09,3.4,1.0,2.1,0.0,11.8,88,1026.4,50.5,2.75
2017-02-10,1.9,-2.5,-0.4,0.4,12.6,85,1022.0,50.5,2.75
2017-02-11,3.3,-1.8,0.0,0.1,13.1,86,1020.2,50.5,2.75
2017-02-12,6.3,-3.3,1.4,0.1,16.9,91,1021.8,50.5,2.75
2017-02-13,10.4,0.3,4.4,0.0,20.4,76,1023.2,50.5,2.75
2017-02-14,12.8,0.9,5.9,0.0,18.1,73,1025.3,50.5,2.75
2017-02-15,14.8,5.7,9.0,0.4,21.7,80,1030.3,50.5,2.75
2017-02-16,11.4,4.9,7.7,0.0,16.9,85,1030.7,50.5,2.75
2017-02-17,11.4,5.2,8.1,0.0,18.4,86,1028.4,50.5,2.75
2017-02-18,10.1,0.3,5.0,0.0,11.5,88,1026.9,50.5,2.75
2017-02-19,10.9,2.8,6.4,0.1,23.8,87,1023.7,50.5,2.75
2017-02-20,11.1,7.3,9.4,0.6,24.6,93,1020.0,50.5,2.75
2017-02-21,10.6,9.6,10.0,1.4,30.8,93,1017.7,50.5,2.75
2017-02-22,10.6,9.4,9.9,0.1,40.0,86,1012.0,50.5,2.75
2017-02-23,11.2,7.2,9.5,1.7,51.8,73,1001.3,50.5,2.75
2017-02-24,7.6,1.6,5.1,1.3,29.2,76,1014.1,50.5,2.75
2017-02-25,10.4,1.3,5.6,0.0,27.2,75,1018.6,50.5,2.75
2017-02-26,12.8,7.1,9.4,2.0,30.8,77,1011.2,50.5,2.75
2017-02-27,10.4,5.4,8.7,7.0,35.8,79,997.4,50.5,2.75
2017-02-28,7.4,3.8,5.2,2.6,34.1,71,990.7,50.5,2.75
2017-03-01,9.2,5.0,7.2,5.2,32.0,82,999.4,50.5,2.75
2017-03-02,10.2,4.2,7.6,0.8,43.6,63,1009.4,50.5,2.75
2017-03-03,12.3,3.7,7.5,3.1,22.2,79,1004.1,50.5,2.75
2017-03-04,10.7,5.4,8.6,15.8,26.8,87,992.1,50.5,2.75
2017-03-05,7.9,4.0,5.9,4.7,36.3,84,995.9,50.5,2.75
2017-03-06,9.2,4.9,6.9,4.1,31.2,80,1002.1,50.5,2.75
2017-03-07,9.2,2.5,5.8,0.3,16.3,85,1016.1,50.5,2.75
2017-03-08,11.4,2.0,8.2,5.5,31.8,91,1015.6,50.5,2.75
2017-03-09,14.4,7.6,10.8,2.5,27.1,90,1020.4,50.5,2.75
2017-03-10,13.0,1.6,7.1,0.0,12.0,82,1026.8,50.5,2.75
2017-03-11,14.2,4.0,8.6,0.0,10.3,76,1020.2,50.5,2.75
2017-03-12,14.1,1.6,7.7,0.2,10.2,81,1014.0,50.5,2.75
2017-03-13,11.4,4.1,7.5,0.0,15.6,87,1025.9,50.5,2.75
2017-03-14,12.2,4.2,8.4,0.0,18.7,87,1032.8,50.5,2.75
2017-03-15,15.2,8.7,11.6,0.1,11.0,82,1032.5,50.5,2.75
2017-03-16,17.6,5.1,10.9,0.0,12.6,80,1024.3,50.5,2.75
2017-03-17,10.9,7.0,8.8,0.2,28.4,75,1018.3,50.5,2.75
2017-03-18,13.1,8.1,10.5,3.5,36.9,88,1011.0,50.5,2.75
2017-03-19,12.1,9.8,10.8,0.0,37.8,84,1011.8,50.5,2.75
2017-03-20,11.8,9.4,10.6,0.9,28.0,78,1008.7,50.5,2.75
2017-03-21,10.6,3.8,8.0,0.7,27.2,70,1010.4,50.5,2.75
2017-03-22,11.6,2.5,7.0,0.9,31.6,69,1010.6,50.5,2.75
2017-03-23,14.0,3.7,8.8,0.1,24.6,71,1012.7,50.5,2.75
2017-03-24,13.9,5.8,9.8,0.3,21.9,76,1024.4,50.5,2.75
2017-03-25,14.7,4.0,9.1,0.0,30.8,66,1026.8,50.5,2.75
2017-03-26,15.3,4.9,9.7,0.0,19.6,60,1022.8,50.5,2.75
2017-03-27,17.0,2.4,9.3,0.0,11.3,75,1021.5,50.5,2.75
2017-03-28,17.3,5.9,11.1,0.9,21.7,76,1021.4,50.5,2.75
2017-03-29,16.1,8.4,12.5,0.0,20.1,72,1024.7,50.5,2.75
2017-03-30,21.0,10.5,15.4,0.0,18.7,65,1022.2,50.5,2.75
2017-03-31,17.8,10.5,14.3,0.1,23.3,72,1013.3,50.5,2.75
2017-04-01,13.9,7.8,10.9,0.5,14.4,75,1011.8,50.5,2.75
2017-04-02,15.6,4.2,9.8,1.3,14.8,81,1020.0,50.5,2.75
2017-04-03,15.6,4.4,9.0,0.0,8.8,86,1026.4,50.5,2.75
2017-04-04,13.6,4.7,9.7,0.0,17.0,81,1025.1,50.5,2.75
2017-04-05,13.1,7.3,9.7,0.0,19.9,77,1028.5,50.5,2.75
2017-04-06,11.5,4.2,8.1,0.2,20.5,76,1030.1,50.5,2.75
2017-04-07,14.9,3.5,8.9,0.0,15.6,77,1027.2,50.5,2.75
2017-04-08,15.6,2.2,8.8,0.0,9.5,79,1025.0,50.5,2.75
2017-04-09,21.5,2.9,12.2,0.0,14.5,71,1021.9,50.5,2.75
2017-04-10,13.2,7.4,10.8,0.0,18.5,70,1023.2,50.5,2.75
2017-04-11,14.2,3.3,9.2,0.2,17.7,70,1027.1,50.5,2.75
2017-04-12,13.4,6.6,9.6,0.0,27.0,78,1020.0,50.5,2.75
2017-04-13,12.9,7.9,10.5,0.4,17.3,68,1017.5,50.5,2.75
2017-04-14,12.9,6.8,9.9,0.4,15.8,73,1017.4,50.5,2.75
2017-04-15,13.0,7.7,10.3,4.9,22.9,77,1017.3,50.5,2.75
2017-04-16,12.2,5.4,9.3,0.2,22.1,69,1021.5,50.5,2.75
2017-04-17,10.6,3.2,8.6,1.6,22.4,74,1020.7,50.5,2.75
2017-04-18,10.4,2.0,6.1,2.0,22.8,69,1027.8,50.5,2.75
2017-04-19,9.6,0.9,5.4,0.0,20.6,61,1035.4,50.5,2.75
2017-04-20,11.4,0.1,5.8,0.0,10.2,58,1036.7,50.5,2.75
2017-04-21,14.9,3.7,10.0,0.3,17.1,71,1031.8,50.5,2.75
2017-04-22,11.9,5.9,9.7,0.0,16.9,74,1027.8,50.5,2.75
2017-04-23,11.6,5.2,8.3,0.0,8.3,66,1027.0,50.5,2.75
2017-04-24,14.1,3.9,9.3,0.0,21.8,64,1017.0,50.5,2.75
2017-04-25,9.8,3.5,7.2,0.8,19.6,55,1011.8,50.5,2.75
2017-04-26,9.1,1.9,5.6,1.7,21.7,69,1014.5,50.5,2.75
2017-04-27,10.1,1.4,6.2,2.3,18.0,70,1018.1,50.5,2.75
2017-04-28,11.8,4.7,8.0,2.2,22.3,72,1016.3,50.5,2.75
2017-04-29,13.8,4.4,9.6,0.1,15.1,67,1016.8,50.5,2.75
2017-04-30,18.8,5.6,12.1,1.4,28.5,58,1005.6,50.5,2.75
2017-05-01,13.4,7.6,9.9,1.5,30.0,74,1007.5,50.5,2.75
2017-05-02,15.2,3.1,9.2,1.4,15.9,77,1017.1,50.5,2.75
2017-05-03,12.6,7.2,9.6,3.1,12.2,84,1018.8,50.5,2.75
2017-05-04,14.6,8.5,11.1,5.7,19.8,84,1018.7,50.5,2.75
2017-05-05,11.9,7.7,10.1,0.2,16.1,79,1019.4,50.5,2.75
2017-05-06,18.0,6.5,12.3,3.4,16.6,78,1010.5,50.5,2.75
2017-05-07,11.8,7.5,10.3,4.7,21.6,87,1017.7,50.5,2.75
2017-05-08,11.7,6.9,9.5,1.1,26.0,78,1022.8,50.5,2.75
2017-05-09,14.2,2.3,8.8,0.0,17.6,71,1021.6,50.5,2.75
2017-05-10,17.8,1.8,10.2,0.0,11.7,72,1009.1,50.5,2.75
2017-05-11,21.5,5.8,13.6,2.5,15.6,74,997.4,50.5,2.75
2017-05-12,20.6,12.6,15.6,3.7,25.8,79,999.3,50.5,2.75
2017-05-13,16.6,11.5,14.2,2.6,23.7,76,1009.6,50.5,2.75
2017-05-14,17.0,9.4,13.4,1.0,26.4,71,1020.0,50.5,2.75
2017-05-15,19.2,7.9,14.2,0.0,17.1,72,1027.5,50.5,2.75
2017-05-16,25.1,15.7,19.7,0.1,16.8,67,1025.8,50.5,2.75
2017-05-17,27.1,14.0,20.6,0.9,21.1,69,1017.0,50.5,2.75
2017-05-18,17.9,14.0,15.6,7.2,19.9,89,1010.6,50.5,2.75
2017-05-19,15.2,9.2,12.5,6.7,23.4,77,1011.5,50.5,2.75
2017-05-20,15.8,7.9,12.1,1.4,20.2,72,1019.7,50.5,2.75
2017-05-21,18.8,7.3,13.8,0.1,13.1,73,1024.8,50.5,2.75
2017-05-22,22.9,8.6,16.5,0.0,12.3,67,1017.6,50.5,2.75
2017-05-23,21.8,12.1,16.7,0.0,18.4,74,1019.9,50.5,2.75
2017-05-24,22.1,13.4,17.6,0.5,16.5,77,1025.0,50.5,2.75
2017-05-25,23.9,10.6,17.5,0.0,16.2,71,1023.9,50.5,2.75
2017-05-26,26.7,13.2,20.3,0.0,22.4,61,1018.8,50.5,2.75
2017-05-27,27.7,16.8,21.3,1.8,20.2,62,1015.7,50.5,2.75
2017-05-28,26.5,14.1,20.1,1.9,12.2,70,1017.5,50.5,2.75
2017-05-29,28.5,17.2,22.0,3.5,20.0,73,1012.4,50.5,2.75
2017-05-30,19.8,13.0,16.9,1.7,25.6,75,1016.1,50.5,2.75
2017-05-31,22.0,12.4,17.1,0.4,16.3,74,1022.1,50.5,2.75
2017-06-01,23.1,11.0,17.9,0.0,8.8,71,1021.5,50.5,2.75
2017-06-02,26.7,14.9,20.9,0.0,14.1,59,1016.4,50.5,2.75
2017-06-03,20.2,13.4,16.8,2.4,19.5,75,1014.5,50.5,2.75
2017-06-04,18.1,12.1,15.1,0.0,20.5,62,1017.0,50.5,2.75
2017-06-05,20.9,12.4,16.7,2.5,25.6,60,1012.0,50.5,2.75
2017-06-06,16.0,11.9,13.9,9.8,44.5,70,1000.4,50.5,2.75
2017-06-07,17.2,10.7,14.0,0.5,37.7,67,1012.6,50.5,2.75
2017-06-08,23.8,12.7,17.9,2.3,29.0,65,1013.8,50.5,2.75
2017-06-09,20.1,13.1,17.1,3.7,33.7,67,1012.6,50.5,2.75
2017-06-10,25.2,11.5,18.6,0.0,20.6,63,1018.6,50.5,2.75
2017-06-11,26.0,15.3,20.0,0.0,24.1,63,1016.2,50.5,2.75
2017-06-12,18.1,12.2,15.3,0.0,28.2,71,1018.3,50.5,2.75
2017-06-13,22.5,11.3,17.0,0.0,18.2,69,1019.7,50.5,2.75
2017-06-14,26.1,11.1,19.4,0.0,14.7,63,1017.5,50.5,2.75
2017-06-15,24.2,14.9,20.2,0.1,31.1,61,1015.0,50.5,2.75
2017-06-16,20.6,12.5,17.2,0.0,21.3,63,1022.9,50.5,2.75
2017-06-17,27.0,14.8,20.5,0.1,17.3,66,1026.4,50.5,2.75
2017-06-18,28.9,14.3,22.1,0.0,16.3,64,1023.8,50.5,2.75
2017-06-19,30.6,16.1,24.2,0.0,14.0,56,1018.9,50.5,2.75
2017-06-20,31.4,17.0,24.4,0.0,22.7,60,1016.6,50.5,2.75
2017-06-21,32.8,19.2,26.4,0.5,13.1,56,1015.0,50.5,2.75
2017-06-22,27.5,17.1,22.7,1.6,31.7,63,1012.6,50.5,2.75
2017-06-23,21.8,15.0,18.0,0.0,28.1,69,1017.1,50.5,2.75
2017-06-24,20.1,15.1,17.4,0.1,26.9,74,1016.6,50.5,2.75
2017-06-25,22.4,16.4,18.4,0.5,31.0,73,1013.7,50.5,2.75
2017-06-26,24.1,14.1,18.7,0.0,19.0,65,1013.4,50.5,2.75
2017-06-27,24.6,13.4,18.6,2.7,13.0,69,1006.9,50.5,2.75
2017-06-28,22.2,16.1,18.7,0.6,26.4,79,996.9,50.5,2.75
2017-06-29,20.3,14.9,17.3,1.7,24.4,72,996.9,50.5,2.75
2017-06-30,21.4,13.8,17.5,3.1,13.6,70,1003.1,50.5,2.75
2017-07-01,20.9,14.2,17.2,8.1,27.9,75,1012.8,50.5,2.75
2017-07-02,19.5,14.4,17.1,1.5,21.6,75,1020.1,50.5,2.75
2017-07-03,20.8,11.8,16.5,0.0,25.3,73,1022.2,50.5,2.75
2017-07-04,24.5,14.4,19.2,0.0,14.9,72,1020.5,50.5,2.75
2017-07-05,26.7,13.1,20.0,0.0,15.9,69,1018.2,50.5,2.75
2017-07-06,29.7,16.2,22.1,5.1,22.0,71,1015.6,50.5,2.75
2017-07-07,27.5,17.0,22.0,0.0,19.9,65,1015.7,50.5,2.75
2017-07-08,23.5,16.5,19.9,0.0,15.7,70,1017.6,50.5,2.75
2017-07-09,26.0,13.2,20.1,0.0,14.6,59,1013.9,50.5,2.75
2017-07-10,21.6,16.1,18.6,7.8,23.7,72,1009.4,50.5,2.75
2017-07-11,20.8,14.6,17.3,1.4,20.0,76,1011.6,50.5,2.75
2017-07-12,19.6,13.2,17.1,5.3,33.4,76,1012.6,50.5,2.75
2017-07-13,21.6,9.7,15.9,0.0,17.0,61,1021.7,50.5,2.75
2017-07-14,20.2,11.8,16.6,1.0,26.0,70,1019.1,50.5,2.75
2017-07-15,21.2,12.8,16.6,0.1,19.1,75,1022.8,50.5,2.75
2017-07-16,24.5,15.6,19.7,0.0,17.4,78,1023.1,50.5,2.75
2017-07-17,23.9,14.8,19.3,0.3,15.5,79,1022.1,50.5,2.75
2017-07-18,28.5,15.6,22.2,0.0,21.1,62,1016.4,50.5,2.75
2017-07-19,30.9,19.9,24.1,14.5,25.4,67,1007.7,50.5,2.75
2017-07-20,22.0,15.1,18.8,2.6,32.2,73,1009.5,50.5,2.75
2017-07-21,24.4,11.2,18.1,0.0,21.6,62,1011.6,50.5,2.75
2017-07-22,20.8,14.7,17.7,1.2,18.4,64,1010.2,50.5,2.75
2017-07-23,19.8,12.8,16.3,1.6,29.6,71,1012.5,50.5,2.75
2017-07-24,19.6,13.1,16.4,2.1,26.6,77,1011.4,50.5,2.75
2017-07-25,21.3,13.4,16.9,0.1,25.9,74,1014.0,50.5,2.75
2017-07-26,23.6,11.8,17.7,0.5,24.2,79,1010.7,50.5,2.75
2017-07-27,20.5,14.9,17.8,1.7,24.0,69,1008.5,50.5,2.75
2017-07-28,19.8,15.0,17.3,0.1,28.8,71,1011.8,50.5,2.75
2017-07-29,23.1,17.3,20.7,1.9,26.1,69,1010.3,50.5,2.75
2017-07-30,21.4,15.6,19.5,0.3,37.8,66,1007.8,50.5,2.75
2017-07-31,22.6,14.0,18.5,0.5,18.0,65,1012.9,50.5,2.75
2017-08-01,22.3,14.1,18.6,0.0,9.4,60,1015.4,50.5,2.75
2017-08-02,21.0,13.9,17.5,3.4,19.3,72,1016.3,50.5,2.75
2017-08-03,22.5,17.2,19.3,1.3,38.3,67,1011.1,50.5,2.75
2017-08-04,21.8,16.4,18.8,0.1,30.8,68,1013.2,50.5,2.75
2017-08-05,20.4,14.7,17.7,3.3,23.4,71,1015.9,50.5,2.75
2017-08-06,21.1,13.0,16.8,0.0,16.5,66,1022.6,50.5,2.75
2017-08-07,23.6,10.3,16.8,0.0,17.3,67,1018.9,50.5,2.75
2017-08-08,21.7,12.6,15.6,10.6,17.2,83,1010.5,50.5,2.75
2017-08-09,19.8,11.8,16.0,0.5,18.2,72,1014.4,50.5,2.75
2017-08-10,19.4,11.9,14.8,15.7,12.4,87,1019.9,50.5,2.75
2017-08-11,20.9,13.4,16.3,2.0,20.5,77,1019.5,50.5,2.75
2017-08-12,20.4,14.6,17.2,1.3,23.0,84,1016.4,50.5,2.75
2017-08-13,20.1,14.5,17.6,1.3,13.6,75,1020.3,50.5,2.75
2017-08-14,24.5,13.4,18.9,0.2,8.5,67,1018.2,50.5,2.75
2017-08-15,22.6,14.9,18.6,4.2,17.7,76,1015.0,50.5,2.75
2017-08-16,23.0,12.4,17.9,0.0,11.9,74,1020.1,50.5,2.75
2017-08-17,20.0,16.6,18.1,6.0,24.4,77,1015.0,50.5,2.75
2017-08-18,20.0,14.5,17.5,7.8,28.2,76,1013.2,50.5,2.75
2017-08-19,19.5,14.1,16.3,0.5,27.9,69,1017.6,50.5,2.75
2017-08-20,20.5,11.8,15.9,0.0,21.0,69,1023.7,50.5,2.75
2017-08-21,17.0,13.8,15.5,6.0,14.2,85,1022.6,50.5,2.75
2017-08-22,22.7,14.8,18.7,0.0,10.9,80,1019.5,50.5,2.75
2017-08-23,26.4,15.9,19.4,0.0,26.3,77,1014.6,50.5,2.75
2017-08-24,22.0,14.8,18.0,0.2,17.3,75,1017.3,50.5,2.75
2017-08-25,24.5,11.8,17.7,0.0,10.6,77,1017.0,50.5,2.75
2017-08-26,26.1,15.7,20.4,0.2,13.3,73,1015.6,50.5,2.75
2017-08-27,25.1,15.4,20.1,0.0,10.7,72,1017.5,50.5,2.75
2017-08-28,27.5,13.9,20.6,0.0,9.7,74,1017.9,50.5,2.75
2017-08-29,31.1,17.1,23.8,0.0,12.5,68,1013.2,50.5,2.75
2017-08-30,20.6,13.9,17.8,19.8,23.4,86,1009.5,50.5,2.75
2017-08-31,18.1,11.1,14.9,2.7,18.6,72,1017.3,50.5,2.75
2017-09-01,18.4,10.6,14.3,5.2,9.2,80,1020.7,50.5,2.75
2017-09-02,18.2,10.5,14.2,0.7,15.9,77,1021.2,50.5,2.75
2017-09-03,20.2,8.9,14.9,0.4,14.5,71,1016.2,50.5,2.75
2017-09-04,19.1,14.7,16.6,0.4,15.3,76,1014.1,50.5,2.75
2017-09-05,22.0,16.4,18.9,0.9,24.7,82,1015.9,50.5,2.75
2017-09-06,18.3,14.1,16.5,0.7,24.1,73,1018.1,50.5,2.75
2017-09-07,18.8,12.3,15.6,0.6,22.7,75,1016.3,50.5,2.75
2017-09-08,16.4,14.4,15.7,7.6,27.1,83,1004.2,50.5,2.75
2017-09-09,17.2,12.1,14.5,6.6,20.8,79,997.9,50.5,2.75
2017-09-10,18.3,10.6,14.7,0.2,31.4,76,1001.8,50.5,2.75
2017-09-11,15.9,12.8,14.3,1.6,41.0,76,997.1,50.5,2.75
2017-09-12,17.2,11.6,14.3,1.5,25.9,73,1006.2,50.5,2.75
2017-09-13,17.3,13.9,15.7,1.8,40.8,68,1002.0,50.5,2.75
2017-09-14,15.1,10.4,12.8,1.4,27.2,76,1006.7,50.5,2.75
2017-09-15,15.1,9.2,11.9,1.7,14.1,78,1012.4,50.5,2.75
2017-09-16,15.4,7.2,10.7,0.6,14.0,82,1011.2,50.5,2.75
2017-09-17,16.6,6.0,11.0,0.0,15.5,80,1012.7,50.5,2.75
2017-09-18,15.6,9.3,12.1,0.9,19.1,82,1015.6,50.5,2.75
2017-09-19,16.2,9.6,12.5,1.1,20.1,80,1019.8,50.5,2.75
2017-09-20,16.8,9.0,12.8,0.0,18.1,80,1021.2,50.5,2.75
2017-09-21,19.1,10.4,14.4,0.2,18.0,73,1018.5,50.5,2.75
2017-09-22,18.5,10.8,14.7,0.3,10.0,78,1020.9,50.5,2.75
2017-09-23,18.3,7.1,12.8,0.0,10.5,78,1023.3,50.5,2.75
2017-09-24,21.1,7.8,14.2,0.0,15.5,77,1021.1,50.5,2.75
2017-09-25,19.2,10.9,14.8,0.0,10.5,79,1019.5,50.5,2.75
2017-09-26,19.5,9.9,14.6,0.0,9.2,83,1021.1,50.5,2.75
2017-09-27,19.8,9.9,14.8,0.1,16.1,86,1021.1,50.5,2.75
2017-09-28,20.5,14.1,16.7,5.0,17.1,82,1020.4,50.5,2.75
2017-09-29,22.1,14.9,17.5,3.1,19.6,86,1018.7,50.5,2.75
2017-09-30,16.6,12.8,14.5,0.4,16.6,75,1018.1,50.5,2.75
2017-10-01,16.2,12.4,14.5,1.1,30.2,79,1016.4,50.5,2.75
2017-10-02,18.2,13.4,16.3,5.5,32.4,79,1014.2,50.5,2.75
2017-10-03,15.2,9.9,12.7,2.0,22.2,76,1021.1,50.5,2.75
2017-10-04,15.6,11.4,13.4,0.0,26.7,70,1023.6,50.5,2.75
2017-10-05,16.5,11.7,14.2,1.5,36.9,73,1016.4,50.5,2.75
2017-10-06,14.1,8.6,11.5,0.0,24.0,71,1023.6,50.5,2.75
2017-10-07,14.8,8.1,11.9,2.4,37.4,80,1020.2,50.5,2.75
2017-10-08,16.0,10.1,12.9,0.5,15.1,84,1018.8,50.5,2.75
2017-10-09,16.5,8.6,12.6,0.0,16.1,84,1020.0,50.5,2.75
2017-10-10,17.0,12.1,14.6,0.1,25.7,82,1017.0,50.5,2.75
2017-10-11,17.0,12.9,15.1,0.3,29.7,73,1015.6,50.5,2.75
2017-10-12,17.1,11.2,14.3,0.0,26.4,76,1020.5,50.5,2.75
2017-10-13,19.8,13.6,16.6,0.0,20.9,82,1024.6,50.5,2.75
2017-10-14,21.8,12.9,16.0,0.0,14.2,84,1025.8,50.5,2.75
2017-10-15,22.8,12.7,16.9,0.0,18.7,80,1021.4,50.5,2.75
2017-10-16,24.6,15.9,19.5,0.1,22.7,76,1019.4,50.5,2.75
2017-10-17,17.9,11.2,14.9,0.0,14.2,80,1020.3,50.5,2.75
2017-10-18,19.0,11.1,14.8,0.2,12.6,90,1012.6,50.5,2.75
2017-10-19,21.4,12.1,16.2,0.1,27.2,79,1007.9,50.5,2.75
2017-10-20,16.6,11.6,14.0,3.6,33.0,72,1008.5,50.5,2.75
2017-10-21,16.9,11.9,14.5,0.3,33.6,64,1009.1,50.5,2.75
2017-10-22,13.2,9.9,11.1,9.1,34.8,73,1012.8,50.5,2.75
2017-10-23,13.6,8.8,11.7,2.1,17.3,85,1019.8,50.5,2.75
2017-10-24,17.1,13.9,15.6,1.7,20.6,91,1021.0,50.5,2.75
2017-10-25,17.3,14.6,15.6,0.0,22.1,85,1021.9,50.5,2.75
2017-10-26,18.0,13.6,15.2,0.4,14.6,87,1024.8,50.5,2.75
2017-10-27,14.4,8.0,12.6,0.8,20.9,81,1030.0,50.5,2.75
2017-10-28,14.0,6.8,10.7,0.1,29.0,82,1026.4,50.5,2.75
2017-10-29,13.9,8.6,11.9,0.8,29.5,76,1019.8,50.5,2.75
2017-10-30,11.4,7.2,9.2,0.4,15.1,77,1028.2,50.5,2.75
2017-10-31,12.9,4.9,9.2,0.0,17.0,82,1027.7,50.5,2.75
2017-11-01,14.3,6.2,9.8,0.0,15.9,75,1021.5,50.5,2.75
2017-11-02,14.3,6.2,10.2,0.1,16.3,84,1015.3,50.5,2.75
2017-11-03,13.7,3.8,8.7,0.0,11.8,91,1015.3,50.5,2.75
2017-11-04,13.8,8.8,11.0,5.0,23.3,89,1006.3,50.5,2.75
2017-11-05,9.5,5.6,7.6,0.6,19.2,79,1012.2,50.5,2.75
2017-11-06,10.2,1.9,6.5,0.1,15.1,75,1024.3,50.5,2.75
2017-11-07,9.1,0.3,3.7,0.0,10.2,80,1022.0,50.5,2.75
2017-11-08,6.9,4.2,5.4,3.7,9.0,82,1019.8,50.5,2.75
2017-11-09,10.9,5.1,8.2,0.0,17.3,83,1023.6,50.5,2.75
2017-11-10,13.3,6.6,9.7,0.4,24.9,83,1019.4,50.5,2.75
2017-11-11,12.0,6.2,8.3,6.5,23.6,88,1012.4,50.5,2.75
2017-11-12,7.9,6.0,6.9,8.3,30.0,83,1008.1,50.5,2.75
2017-11-13,8.1,5.3,6.6,6.5,27.1,86,1021.2,50.5,2.75
2017-11-14,9.4,3.2,6.6,0.0,16.4,87,1025.3,50.5,2.75
2017-11-15,12.5,8.7,10.2,0.4,14.3,89,1025.1,50.5,2.75
2017-11-16,10.5,8.1,9.3,0.3,15.1,89,1023.8,50.5,2.75
2017-11-17,10.1,3.2,7.7,0.0,10.1,83,1027.5,50.5,2.75
2017-11-18,9.6,1.6,5.9,6.2,22.4,85,1023.4,50.5,2.75
2017-11-19,7.8,1.2,5.4,0.3,15.4,84,1021.9,50.5,2.75
2017-11-20,12.1,1.1,7.2,1.1,30.4,87,1018.6,50.5,2.75
2017-11-21,12.2,10.8,11.4,2.5,26.3,86,1013.4,50.5,2.75
2017-11-22,13.3,8.9,10.9,0.0,31.6,75,1005.8,50.5,2.75
2017-11-23,14.1,9.1,12.0,2.3,43.2,69,1001.3,50.5,2.75
2017-11-24,9.6,6.4,7.9,18.4,15.7,88,1009.8,50.5,2.75
2017-11-25,6.3,2.0,4.1,1.2,18.8,84,1014.5,50.5,2.75
2017-11-26,7.0,1.9,3.8,0.0,22.8,78,1023.2,50.5,2.75
2017-11-27,9.7,3.2,7.4,18.1,34.2,87,1016.9,50.5,2.75
2017-11-28,7.6,1.5,4.8,5.9,13.5,88,1007.8,50.5,2.75
2017-11-29,5.3,0.6,3.2,0.4,20.9,90,1006.5,50.5,2.75
2017-11-30,3.7,1.1,2.6,1.5,24.0,87,1008.2,50.5,2.75
2017-12-01,3.8,-1.2,1.7,0.3,16.3,92,1014.9,50.5,2.75
2017-12-02,1.2,-1.6,-0.4,0.0,10.1,94,1026.6,50.5,2.75
2017-12-03,6.3,-1.6,3.0,1.1,17.6,94,1026.2,50.5,2.75
2017-12-04,7.6,3.5,5.2,0.0,11.2,93,1032.0,50.5,2.75
2017-12-05,8.4,3.8,5.7,0.0,11.4,88,1035.8,50.5,2.75
2017-12-06,8.9,4.9,6.9,0.0,18.9,84,1031.5,50.5,2.75
2017-12-07,9.8,2.5,5.3,3.9,36.7,88,1015.3,50.5,2.75
2017-12-08,5.8,1.0,3.2,0.2,27.4,72,1013.6,50.5,2.75
2017-12-09,4.1,-0.6,1.2,1.0,17.9,80,1015.8,50.5,2.75
2017-12-10,8.7,1.0,3.8,12.5,51.6,89,987.3,50.5,2.75
2017-12-11,3.5,0.6,2.3,17.7,32.8,93,978.8,50.5,2.75
2017-12-12,4.9,-0.1,2.1,2.8,22.1,88,1006.1,50.5,2.75
2017-12-13,8.1,2.3,5.9,10.4,34.0,87,1001.7,50.5,2.75
2017-12-14,5.4,2.7,4.2,7.8,35.9,83,993.5,50.5,2.75
2017-12-15,5.3,1.9,3.4,2.3,20.5,90,994.8,50.5,2.75
2017-12-16,4.6,1.0,3.0,0.6,23.3,88,1013.8,50.5,2.75
2017-12-17,5.7,-0.6,2.4,2.4,22.5,90,1023.7,50.5,2.75
2017-12-18,8.9,2.5,6.3,1.4,24.7,89,1025.0,50.5,2.75
2017-12-19,6.6,1.4,4.1,0.0,12.2,96,1034.9,50.5,2.75
2017-12-20,9.2,6.8,8.0,0.0,12.7,94,1035.0,50.5,2.75
2017-12-21,10.3,8.1,9.4,3.2,17.1,97,1035.5,50.5,2.75
2017-12-22,10.1,7.9,9.2,0.1,17.3,94,1035.6,50.5,2.75
2017-12-23,10.1,7.8,9.3,0.0,18.7,95,1035.0,50.5,2.75
2017-12-24,10.1,9.4,9.6,0.1,21.6,88,1027.7,50.5,2.75
2017-12-25,9.6,4.6,7.4,0.1,30.7,86,1015.8,50.5,2.75
2017-12-26,6.8,4.2,5.9,4.7,34.9,85,999.7,50.5,2.75
2017-12-27,6.7,2.4,5.0,6.8,38.8,88,984.6,50.5,2.75
2017-12-28,5.2,-0.2,1.8,0.0,25.5,82,1001.7,50.5,2.75
2017-12-29,7.3,-0.2,3.3,3.7,33.5,85,1002.2,50.5,2.75
2017-12-30,13.6,5.6,10.4,4.7,41.0,83,1000.6,50.5,2.75
2017-12-31,13.9,8.0,11.7,17.9,41.8,83,1001.1,50.5,2.75
2018-01-01,7.8,5.4,6.5,7.0,40.0,84,1000.2,50.5,2.75
2018-01-02,10.4,3.8,6.8,2.2,30.3,83,1009.1,50.5,2.75
2018-01-03,12.1,7.8,9.5,6.1,48.9,72,997.8,50.5,2.75
2018-01-04,12.3,7.8,9.4,7.3,44.1,82,997.8,50.5,2.75
2018-01-05,9.6,5.3,8.0,2.0,34.9,82,997.4,50.5,2.75
2018-01-06,6.4,3.5,4.9,1.0,17.0,92,1006.3,50.5,2.75
2018-01-07,5.4,2.0,3.7,0.0,28.3,83,1020.7,50.5,2.75
2018-01-08,5.4,0.2,2.4,0.0,18.4,87,1020.6,50.5,2.75
2018-01-09,6.1,-1.2,2.8,0.0,16.3,94,1010.1,50.5,2.75
2018-01-10,9.4,6.3,7.4,6.9,17.3,90,1007.2,50.5,2.75
2018-01-11,6.3,0.3,3.3,0.0,7.6,97,1015.8,50.5,2.75
2018-01-12,6.2,3.1,4.4,0.0,10.4,96,1026.1,50.5,2.75
2018-01-13,5.6,1.2,3.2,0.0,17.3,92,1022.6,50.5,2.75
2018-01-14,5.9,-0.4,1.5,0.0,9.5,91,1018.2,50.5,2.75
2018-01-15,9.2,0.6,5.4,10.7,40.9,90,1005.7,50.5,2.75
2018-01-16,7.8,4.0,6.4,2.9,33.5,78,996.3,50.5,2.75
2018-01-17,6.8,2.8,4.8,1.4,35.4,67,1004.0,50.5,2.75
2018-01-18,10.8,5.2,7.6,10.0,52.5,78,1002.0,50.5,2.75
2018-01-19,6.4,1.1,3.6,0.3,20.6,81,1009.4,50.5,2.75
2018-01-20,4.4,1.9,3.7,5.0,18.0,93,1004.2,50.5,2.75
2018-01-21,5.3,1.3,2.8,14.1,24.5,95,1013.2,50.5,2.75
2018-01-22,10.6,5.3,8.7,0.4,27.6,90,1010.8,50.5,2.75
2018-01-23,12.3,4.7,8.3,0.0,25.1,89,1020.2,50.5,2.75
2018-01-24,13.2,8.6,12.3,1.8,41.1,83,1013.6,50.5,2.75
2018-01-25,9.1,5.2,7.5,2.0,19.8,86,1011.5,50.5,2.75
2018-01-26,8.8,3.1,5.4,0.1,13.9,89,1017.5,50.5,2.75
2018-01-27,7.1,0.1,3.8,0.6,27.6,91,1029.5,50.5,2.75
2018-01-28,11.8,7.8,10.0,0.0,28.3,90,1031.5,50.5,2.75
2018-01-29,10.9,8.4,9.8,0.2,37.8,84,1029.3,50.5,2.75
2018-01-30,9.6,-0.3,5.2,0.4,16.5,90,1028.6,50.5,2.75
2018-01-31,10.1,3.8,8.1,4.9,31.7,84,1009.4,50.5,2.75
2018-02-01,6.2,1.7,3.6,0.3,22.4,76,1002.2,50.5,2.75
2018-02-02,5.8,1.8,3.9,4.0,27.0,84,1007.3,50.5,2.75
2018-02-03,5.3,0.6,3.0,3.1,13.4,89,1008.0,50.5,2.75
2018-02-04,4.2,-1.8,1.2,0.5,22.6,81,1019.0,50.5,2.75
2018-02-05,2.9,-2.0,0.1,0.0,21.4,80,1024.1,50.5,2.75
2018-02-06,1.6,-3.5,-1.0,0.2,19.2,80,1015.5,50.5,2.75
2018-02-07,2.2,-3.7,-1.0,0.0,17.2,69,1017.7,50.5,2.75
2018-02-08,5.2,-2.7,0.9,0.0,16.3,77,1020.4,50.5,2.75
2018-02-09,3.8,-0.9,0.7,3.6,28.7,82,1012.5,50.5,2.75
2018-02-10,6.4,-1.0,3.1,1.6,30.6,82,1015.5,50.5,2.75
2018-02-11,8.4,1.8,5.5,2.5,32.7,74,1004.1,50.5,2.75
2018-02-12,5.9,-0.4,2.2,0.1,19.2,71,1014.8,50.5,2.75
2018-02-13,6.3,-0.8,2.1,0.2,36.8,72,1009.2,50.5,2.75
2018-02-14,6.3,0.6,3.4,0.5,33.1,77,1010.4,50.5,2.75
2018-02-15,10.6,4.1,6.7,4.2,32.2,88,1010.9,50.5,2.75
2018-02-16,8.9,1.3,4.5,0.0,14.5,79,1024.8,50.5,2.75
2018-02-17,8.2,-0.2,3.5,0.0,9.7,78,1022.6,50.5,2.75
2018-02-18,9.3,-2.3,2.7,0.0,14.8,83,1024.2,50.5,2.75
2018-02-19,4.6,2.2,3.5,4.6,14.6,88,1018.8,50.5,2.75
2018-02-20,4.7,2.2,3.4,1.1,11.9,92,1018.4,50.5,2.75
2018-02-21,4.3,-2.8,0.9,0.0,18.1,82,1024.6,50.5,2.75
2018-02-22,4.9,-3.6,0.2,0.0,23.7,72,1022.7,50.5,2.75
2018-02-23,3.5,-3.8,-0.6,0.0,22.1,67,1020.5,50.5,2.75
2018-02-24,5.1,-4.1,-0.3,0.0,26.5,56,1020.6,50.5,2.75
2018-02-25,2.0,-4.2,-1.5,0.0,24.3,51,1026.3,50.5,2.75
2018-02-26,-0.8,-5.4,-3.1,0.1,26.5,54,1028.5,50.5,2.75
2018-02-27,-1.0,-6.2,-4.0,0.0,27.4,52,1023.0,50.5,2.75
2018-02-28,-0.8,-7.1,-4.4,0.0,29.1,44,1016.7,50.5,2.75
2018-03-01,1.3,-5.6,-2.8,0.8,26.7,43,1002.3,50.5,2.75
2018-03-02,0.8,-0.9,-0.2,1.7,24.2,63,993.1,50.5,2.75
2018-03-03,7.8,-3.3,1.6,0.5,16.1,85,993.7,50.5,2.75
2018-03-04,7.1,1.6,4.0,10.1,17.9,92,992.8,50.5,2.75
2018-03-05,11.1,1.8,6.0,0.0,22.1,83,991.9,50.5,2.75
2018-03-06,10.5,3.8,6.8,0.7,15.9,81,990.0,50.5,2.75
2018-03-07,8.1,2.0,5.0,3.8,25.9,87,994.0,50.5,2.75
2018-03-08,8.6,2.5,5.3,4.8,36.3,83,1000.1,50.5,2.75
2018-03-09,9.9,2.7,6.4,2.9,17.8,88,1004.3,50.5,2.75
2018-03-10,13.9,9.0,11.1,2.6,21.3,88,998.3,50.5,2.75
2018-03-11,15.9,8.8,11.3,15.3,22.3,85,992.8,50.5,2.75
2018-03-12,12.4,7.9,9.6,2.4,31.1,80,990.3,50.5,2.75
2018-03-13,8.8,5.1,6.8,2.6,25.3,86,1004.8,50.5,2.75
2018-03-14,12.6,2.5,7.5,0.0,25.1,77,1007.7,50.5,2.75
2018-03-15,9.7,7.1,8.3,3.7,24.4,79,993.1,50.5,2.75
2018-03-16,11.8,5.9,8.5,0.8,14.8,80,999.4,50.5,2.75
2018-03-17,5.8,-1.5,1.0,0.5,23.5,78,1003.2,50.5,2.75
2018-03-18,1.1,-2.3,-0.7,1.1,24.0,64,1006.5,50.5,2.75
2018-03-19,2.9,-2.2,0.3,0.1,20.0,60,1011.6,50.5,2.75
2018-03-20,7.3,-3.3,2.2,0.3,30.1,70,1023.1,50.5,2.75
2018-03-21,7.6,-0.5,3.6,0.2,15.8,77,1030.6,50.5,2.75
2018-03-22,7.4,3.1,5.7,0.5,21.0,82,1020.8,50.5,2.75
2018-03-23,7.6,2.2,4.7,0.0,23.1,81,1006.9,50.5,2.75
2018-03-24,11.7,4.1,7.4,0.3,16.2,76,1000.4,50.5,2.75
2018-03-25,10.4,3.2,6.6,0.0,15.5,83,1008.4,50.5,2.75
2018-03-26,9.9,1.6,6.2,2.5,11.3,84,1016.8,50.5,2.75
2018-03-27,9.6,2.3,5.8,3.4,27.7,92,1010.3,50.5,2.75
2018-03-28,10.1,4.6,6.7,8.5,30.7,89,1003.7,50.5,2.75
2018-03-29,10.5,2.6,6.1,2.2,24.0,77,1004.6,50.5,2.75
2018-03-30,11.6,3.5,6.4,5.1,24.4,86,997.8,50.5,2.75
2018-03-31,10.5,2.8,6.0,0.4,18.6,79,998.6,50.5,2.75
2018-04-01,9.4,4.3,6.5,1.5,19.9,80,1009.6,50.5,2.75
2018-04-02,15.4,5.6,9.3,3.6,26.8,73,1004.2,50.5,2.75
2018-04-03,15.9,8.6,11.7,3.5,29.3,80,998.4,50.5,2.75
2018-04-04,13.6,6.8,9.8,2.0,27.4,78,998.7,50.5,2.75
2018-04-05,9.2,4.5,7.3,0.0,27.9,69,1012.9,50.5,2.75
2018-04-06,16.3,3.0,9.5,0.0,28.1,67,1014.8,50.5,2.75
2018-04-07,18.8,8.6,13.3,0.3,19.1,72,1007.8,50.5,2.75
2018-04-08,19.9,8.2,13.1,0.5,14.5,84,1007.2,50.5,2.75
2018-04-09,16.1,7.8,11.4,2.7,15.3,87,1006.0,50.5,2.75
2018-04-10,18.0,8.6,12.4,4.4,21.7,79,1001.3,50.5,2.75
2018-04-11,16.5,4.1,10.8,0.1,15.0,79,1005.4,50.5,2.75
2018-04-12,15.4,6.4,10.8,4.3,14.2,89,1001.4,50.5,2.75
2018-04-13,14.9,8.1,10.9,1.7,16.0,86,1006.8,50.5,2.75
2018-04-14,15.9,5.6,10.6,4.4,12.2,89,1016.5,50.5,2.75
2018-04-15,17.0,8.4,12.3,2.5,20.7,83,1011.9,50.5,2.75
2018-04-16,14.9,7.0,11.1,0.5,15.3,77,1015.5,50.5,2.75
2018-04-17,19.1,6.8,12.7,0.0,23.2,71,1023.3,50.5,2.75
2018-04-18,23.0,8.1,15.8,0.0,14.7,71,1028.2,50.5,2.75
2018-04-19,24.9,11.4,17.7,0.0,15.1,71,1024.6,50.5,2.75
2018-04-20,25.4,12.9,19.0,0.0,13.1,71,1022.9,50.5,2.75
2018-04-21,23.2,8.6,15.7,0.0,10.1,78,1020.9,50.5,2.75
2018-04-22,23.8,12.6,17.6,0.2,21.9,71,1012.2,50.5,2.75
2018-04-23,14.8,9.1,12.0,0.1,22.0,74,1016.7,50.5,2.75
2018-04-24,15.1,8.6,12.0,0.2,24.1,77,1016.7,50.5,2.75
2018-04-25,14.0,9.1,12.1,0.0,29.4,71,1013.0,50.5,2.75
2018-04-26,12.9,6.8,10.0,0.0,26.5,68,1017.4,50.5,2.75
2018-04-27,16.6,5.7,11.4,0.1,21.6,67,1010.1,50.5,2.75
2018-04-28,14.1,8.1,11.8,0.7,23.9,72,1009.3,50.5,2.75
2018-04-29,10.8,6.3,8.8,7.9,21.1,92,1007.5,50.5,2.75
2018-04-30,10.2,5.4,8.2,18.4,31.0,89,998.6,50.5,2.75
2018-05-01,11.9,5.4,8.6,1.5,22.9,70,1011.0,50.5,2.75
2018-05-02,14.0,5.4,9.8,0.1,34.2,70,1010.4,50.5,2.75
2018-05-03,14.3,4.7,9.7,0.0,15.1,74,1018.1,50.5,2.75
2018-05-04,16.9,2.5,10.3,0.0,18.1,68,1023.1,50.5,2.75
2018-05-05,20.6,5.8,13.3,0.0,17.8,71,1023.7,50.5,2.75
2018-05-06,24.5,7.7,15.9,0.0,11.1,75,1021.4,50.5,2.75
2018-05-07,24.8,9.6,17.8,0.0,12.0,70,1017.3,50.5,2.75
2018-05-08,25.2,11.8,18.5,0.0,15.8,66,1010.4,50.5,2.75
2018-05-09,21.2,10.9,15.1,0.0,18.2,77,1008.9,50.5,2.75
2018-05-10,14.6,9.5,11.8,2.1,20.5,76,1014.2,50.5,2.75
2018-05-11,18.6,6.7,12.8,0.0,14.9,68,1018.2,50.5,2.75
2018-05-12,20.1,11.4,15.2,3.2,19.5,73,1012.4,50.5,2.75
2018-05-13,13.2,9.0,11.1,2.5,21.3,80,1014.4,50.5,2.75
2018-05-14,13.7,8.9,11.8,0.1,30.9,84,1015.8,50.5,2.75
2018-05-15,20.4,9.6,14.5,0.0,18.1,82,1016.6,50.5,2.75
2018-05-16,18.0,9.7,13.0,0.0,27.7,81,1019.6,50.5,2.75
2018-05-17,13.6,7.9,10.9,0.0,22.9,71,1024.4,50.5,2.75
2018-05-18,14.4,7.3,10.3,0.0,17.4,72,1024.5,50.5,2.75
2018-05-19,14.1,4.4,9.8,0.0,13.7,80,1023.8,50.5,2.75
2018-05-20,20.2,6.2,13.5,0.0,15.8,77,1021.6,50.5,2.75
2018-05-21,21.9,9.4,15.7,4.7,15.0,78,1014.7,50.5,2.75
2018-05-22,21.1,10.3,15.6,0.5,16.9,79,1013.3,50.5,2.75
2018-05-23,19.0,11.2,14.6,4.8,14.9,87,1018.8,50.5,2.75
2018-05-24,21.8,13.4,17.0,7.8,9.4,86,1017.9,50.5,2.75
2018-05-25,22.6,11.6,17.4,0.1,10.2,82,1017.3,50.5,2.75
2018-05-26,26.2,14.0,20.2,2.1,21.4,79,1017.6,50.5,2.75
2018-05-27,25.4,17.0,21.1,1.8,15.1,76,1015.9,50.5,2.75
2018-05-28,26.0,16.1,20.7,0.3,14.8,82,1016.7,50.5,2.75
2018-05-29,23.6,17.1,19.7,8.8,14.1,85,1013.7,50.5,2.75
2018-05-30,23.5,14.4,19.1,2.5,12.6,83,1012.8,50.5,2.75
2018-05-31,24.4,15.5,19.8,12.3,13.2,85,1014.2,50.5,2.75
2018-06-01,20.9,14.2,16.8,1.3,20.1,88,1018.1,50.5,2.75
2018-06-02,19.0,13.5,15.9,0.5,18.9,84,1019.3,50.5,2.75
2018-06-03,23.1,10.1,17.1,0.0,14.9,78,1018.4,50.5,2.75
2018-06-04,21.1,13.6,16.7,0.0,19.8,87,1014.5,50.5,2.75
2018-06-05,19.3,13.7,16.1,0.0,20.2,83,1014.0,50.5,2.75
2018-06-06,24.8,11.5,17.4,0.5,16.8,80,1013.1,50.5,2.75
2018-06-07,22.9,13.2,17.8,2.0,9.7,88,1014.8,50.5,2.75
2018-06-08,23.0,12.6,16.7,0.2,16.3,84,1015.6,50.5,2.75
2018-06-09,21.2,13.1,17.0,0.1,14.1,84,1014.7,50.5,2.75
2018-06-10,21.8,13.2,17.3,0.0,17.1,82,1013.3,50.5,2.75
2018-06-11,22.4,13.4,18.2,0.0,19.1,76,1011.5,50.5,2.75
2018-06-12,20.2,12.1,16.3,0.6,24.2,77,1013.2,50.5,2.75
2018-06-13,20.0,10.8,15.0,0.3,17.0,71,1017.9,50.5,2.75
2018-06-14,18.9,11.2,14.9,0.8,25.7,75,1015.1,50.5,2.75
2018-06-15,22.0,12.4,17.0,0.0,15.8,70,1016.4,50.5,2.75
2018-06-16,19.0,11.9,15.4,0.6,23.1,71,1016.3,50.5,2.75
2018-06-17,18.3,12.6,15.4,0.2,23.9,71,1018.2,50.5,2.75
2018-06-18,18.8,14.4,16.8,0.1,25.3,74,1020.7,50.5,2.75
2018-06-19,19.9,14.0,17.2,0.0,20.0,84,1024.1,50.5,2.75
2018-06-20,24.5,13.6,18.7,0.0,16.9,79,1021.8,50.5,2.75
2018-06-21,17.0,10.8,14.9,0.2,25.6,65,1022.8,50.5,2.75
2018-06-22,17.8,7.8,13.2,0.0,20.8,65,1029.0,50.5,2.75
2018-06-23,21.0,6.8,14.4,0.0,13.0,65,1028.2,50.5,2.75
2018-06-24,20.0,9.9,15.6,0.0,20.4,67,1024.7,50.5,2.75
2018-06-25,22.8,11.1,17.1,0.0,15.6,69,1025.4,50.5,2.75
2018-06-26,23.0,9.5,16.7,0.0,18.9,68,1025.5,50.5,2.75
2018-06-27,24.5,11.9,18.2,0.0,18.9,72,1023.8,50.5,2.75
2018-06-28,26.6,14.6,20.7,0.0,27.0,62,1021.7,50.5,2.75
2018-06-29,26.3,15.1,20.6,0.0,22.9,64,1019.1,50.5,2.75
2018-06-30,28.5,12.8,20.9,0.0,14.5,68,1014.7,50.5,2.75
2018-07-01,30.5,17.9,24.4,0.0,18.0,50,1012.2,50.5,2.75
2018-07-02,27.6,15.6,22.6,0.0,19.9,41,1013.7,50.5,2.75
2018-07-03,27.4,16.8,21.7,0.9,17.1,48,1015.5,50.5,2.75
2018-07-04,26.5,15.1,20.6,2.1,11.3,71,1014.6,50.5,2.75
2018-07-05,25.5,13.9,20.3,0.2,13.4,66,1015.0,50.5,2.75
2018-07-06,27.2,14.4,21.4,0.0,9.6,66,1020.3,50.5,2.75
2018-07-07,27.9,15.6,22.3,0.0,9.4,66,1023.4,50.5,2.75
2018-07-08,26.6,17.1,21.8,0.0,23.3,56,1024.3,50.5,2.75
2018-07-09,23.9,13.6,19.6,0.1,18.4,66,1024.4,50.5,2.75
2018-07-10,18.2,12.4,16.1,1.2,22.8,72,1022.0,50.5,2.75
2018-07-11,21.5,15.5,17.9,0.8,19.2,71,1019.7,50.5,2.75
2018-07-12,22.5,13.3,18.1,0.3,18.8,75,1020.2,50.5,2.75
2018-07-13,24.2,11.9,18.3,0.0,15.9,74,1021.3,50.5,2.75
2018-07-14,26.2,12.1,19.7,0.0,11.0,67,1020.0,50.5,2.75
2018-07-15,28.3,14.9,22.2,0.0,10.8,55,1016.2,50.5,2.75
2018-07-16,28.5,15.6,22.7,0.2,15.6,52,1013.4,50.5,2.75
2018-07-17,23.5,16.5,19.8,0.0,20.6,58,1016.2,50.5,2.75
2018-07-18,24.6,12.6,19.1,0.0,16.4,61,1018.7,50.5,2.75
2018-07-19,26.1,13.8,20.2,0.0,14.9,60,1018.4,50.5,2.75
2018-07-20,23.2,15.6,18.4,3.9,12.4,65,1014.8,50.5,2.75
2018-07-21,24.1,15.4,19.6,5.7,11.5,69,1013.2,50.5,2.75
2018-07-22,26.2,13.8,20.4,0.4,15.1,67,1015.8,50.5,2.75
2018-07-23,28.8,16.7,22.8,0.0,11.7,57,1017.1,50.5,2.75
2018-07-24,29.2,16.5,23.2,0.0,8.7,60,1014.8,50.5,2.75
2018-07-25,30.1,17.8,24.6,0.0,12.2,59,1015.6,50.5,2.75
2018-07-26,33.3,19.0,26.5,0.0,9.0,56,1013.6,50.5,2.75
2018-07-27,34.2,22.1,26.9,0.2,17.0,51,1009.9,50.5,2.75
2018-07-28,22.9,16.4,19.8,7.4,28.5,69,1009.6,50.5,2.75
2018-07-29,22.8,16.9,19.7,1.9,28.7,63,1011.5,50.5,2.75
2018-07-30,26.5,18.6,21.8,0.5,25.2,76,1013.5,50.5,2.75
2018-07-31,24.1,16.6,20.4,0.0,19.6,72,1017.0,50.5,2.75
2018-08-01,25.9,13.8,19.8,0.0,17.1,63,1021.3,50.5,2.75
2018-08-02,28.0,13.8,21.1,0.0,12.4,62,1023.1,50.5,2.75
2018-08-03,30.8,16.4,23.2,0.0,16.6,56,1021.8,50.5,2.75
2018-08-04,28.5,16.8,21.9,0.0,23.9,65,1021.2,50.5,2.75
2018-08-05,27.3,15.6,21.2,0.0,15.8,67,1022.4,50.5,2.75
2018-08-06,30.4,14.8,22.9,0.0,10.0,57,1015.6,50.5,2.75
2018-08-07,34.5,17.5,26.1,0.0,21.4,51,1008.7,50.5,2.75
2018-08-08,25.1,17.2,20.4,0.7,26.6,62,1011.4,50.5,2.75
2018-08-09,19.1,14.2,16.4,15.3,29.5,80,1012.1,50.5,2.75
2018-08-10,20.2,12.9,16.2,1.3,28.0,73,1020.4,50.5,2.75
2018-08-11,21.4,12.1,17.1,0.9,21.0,67,1022.5,50.5,2.75
2018-08-12,26.5,16.1,20.8,0.9,21.0,55,1013.9,50.5,2.75
2018-08-13,20.9,16.3,18.4,7.4,25.3,83,1007.7,50.5,2.75
2018-08-14,22.5,15.8,18.7,0.0,21.7,77,1015.4,50.5,2.75
2018-08-15,21.8,16.2,18.8,0.1,19.8,80,1019.3,50.5,2.75
2018-08-16,25.0,15.1,19.3,6.0,20.2,78,1015.8,50.5,2.75
2018-08-17,21.9,13.4,17.6,3.0,17.1,74,1019.0,50.5,2.75
2018-08-18,20.5,13.5,17.2,0.3,19.4,78,1022.6,50.5,2.75
2018-08-19,23.6,14.6,18.7,0.0,24.4,79,1021.3,50.5,2.75
2018-08-20,22.5,18.0,20.2,0.5,17.0,83,1020.3,50.5,2.75
2018-08-21,23.5,16.5,19.9,1.0,11.6,81,1020.3,50.5,2.75
2018-08-22,23.1,14.2,18.9,0.0,15.3,82,1018.1,50.5,2.75
2018-08-23,22.0,15.3,18.4,0.4,26.0,81,1014.3,50.5,2.75
2018-08-24,18.6,13.7,16.2,0.2,26.0,64,1013.9,50.5,2.75
2018-08-25,17.0,9.7,13.7,7.2,21.7,71,1013.9,50.5,2.75
2018-08-26,17.9,9.8,13.8,7.0,26.4,74,1014.3,50.5,2.75
2018-08-27,19.1,15.6,17.3,1.1,27.6,76,1012.1,50.5,2.75
2018-08-28,21.3,13.5,16.9,0.0,9.7,74,1018.0,50.5,2.75
2018-08-29,18.9,12.4,14.9,18.6,19.1,89,1013.7,50.5,2.75
2018-08-30,18.8,12.2,15.7,1.4,14.5,78,1022.0,50.5,2.75
2018-08-31,19.7,11.8,15.3,1.2,10.6,73,1023.2,50.5,2.75
2018-09-01,20.2,10.2,14.9,0.0,9.8,71,1026.0,50.5,2.75
2018-09-02,22.1,8.2,15.1,0.0,12.6,73,1024.2,50.5,2.75
2018-09-03,22.0,11.3,16.5,0.0,18.5,73,1019.4,50.5,2.75
2018-09-04,20.6,16.5,17.9,13.3,19.6,92,1017.7,50.5,2.75
2018-09-05,22.1,16.5,18.7,1.4,15.9,88,1017.7,50.5,2.75
2018-09-06,19.9,14.9,17.1,3.6,18.7,85,1015.1,50.5,2.75
2018-09-07,17.5,13.1,15.1,1.7,22.0,70,1015.6,50.5,2.75
2018-09-08,18.7,11.6,15.0,0.0,16.6,71,1019.6,50.5,2.75
2018-09-09,24.9,13.2,17.8,0.0,16.6,70,1019.6,50.5,2.75
2018-09-10,21.2,14.1,17.1,0.0,25.8,80,1022.5,50.5,2.75
2018-09-11,22.5,14.9,18.2,0.0,24.0,75,1022.4,50.5,2.75
2018-09-12,19.6,13.8,16.2,3.1,19.1,88,1021.4,50.5,2.75
2018-09-13,18.8,12.2,15.0,3.3,14.3,79,1021.9,50.5,2.75
2018-09-14,17.7,8.9,13.7,0.3,18.4,75,1021.7,50.5,2.75
2018-09-15,19.6,11.4,15.1,0.0,14.2,76,1024.1,50.5,2.75
2018-09-16,21.7,10.1,15.4,0.0,16.0,74,1021.4,50.5,2.75
2018-09-17,24.9,11.9,17.9,0.0,15.3,62,1017.2,50.5,2.75
2018-09-18,23.1,14.9,19.2,0.0,29.4,62,1012.5,50.5,2.75
2018-09-19,22.5,14.8,18.5,0.1,25.8,72,1016.5,50.5,2.75
2018-09-20,24.9,15.1,19.5,0.0,27.0,69,1014.8,50.5,2.75
2018-09-21,20.2,13.8,16.4,9.6,40.9,62,1009.8,50.5,2.75
2018-09-22,15.4,11.1,12.7,11.0,20.8,77,1019.4,50.5,2.75
2018-09-23,12.6,9.8,11.4,23.2,26.8,90,1014.6,50.5,2.75
2018-09-24,15.1,7.6,10.8,0.0,15.4,74,1034.7,50.5,2.75
2018-09-25,15.4,5.1,10.0,0.0,10.9,73,1038.1,50.5,2.75
2018-09-26,18.0,5.2,11.0,0.0,10.5,70,1033.8,50.5,2.75
2018-09-27,20.5,6.2,12.8,0.0,10.9,70,1027.6,50.5,2.75
2018-09-28,15.4,9.8,12.7,0.2,23.6,77,1026.4,50.5,2.75
2018-09-29,15.1,5.2,9.8,0.0,12.4,73,1028.1,50.5,2.75
2018-09-30,16.6,3.5,10.3,0.0,17.9,72,1019.4,50.5,2.75
2018-10-01,13.3,8.1,10.7,2.0,26.6,69,1022.5,50.5,2.75
2018-10-02,16.9,8.9,13.5,1.2,24.7,77,1021.2,50.5,2.75
2018-10-03,15.9,12.1,14.2,1.3,15.9,81,1026.2,50.5,2.75
2018-10-04,19.4,9.6,13.9,0.0,12.6,82,1025.9,50.5,2.75
2018-10-05,20.7,8.7,13.8,0.0,12.6,79,1017.3,50.5,2.75
2018-10-06,21.7,9.8,15.1,1.3,17.3,80,1008.8,50.5,2.75
2018-10-07,15.0,7.7,12.5,3.3,28.4,76,1018.4,50.5,2.75
2018-10-08,16.4,5.3,10.4,0.0,9.1,78,1022.4,50.5,2.75
2018-10-09,19.6,6.4,12.4,0.0,11.0,78,1020.5,50.5,2.75
2018-10-10,22.5,10.6,15.7,0.0,15.3,81,1014.6,50.5,2.75
2018-10-11,23.2,15.4,18.7,1.7,25.0,71,1008.7,50.5,2.75
2018-10-12,22.0,13.2,17.6,1.3,26.8,81,1015.2,50.5,2.75
2018-10-13,25.0,16.5,20.4,0.0,22.3,72,1015.0,50.5,2.75
2018-10-14,22.4,16.0,19.0,0.0,25.8,67,1006.9,50.5,2.75
2018-10-15,22.9,15.1,18.6,0.0,18.4,63,1010.0,50.5,2.75
2018-10-16,22.6,13.6,17.1,0.0,13.5,67,1016.7,50.5,2.75
2018-10-17,18.7,11.5,14.3,0.0,12.4,85,1019.4,50.5,2.75
2018-10-18,16.4,9.6,12.8,0.1,21.7,83,1023.6,50.5,2.75
2018-10-19,15.4,8.4,12.2,0.0,12.4,79,1025.0,50.5,2.75
2018-10-20,14.9,5.2,9.4,0.0,10.5,83,1030.4,50.5,2.75
2018-10-21,16.5,5.6,10.7,0.0,7.6,77,1028.5,50.5,2.75
2018-10-22,14.0,8.2,11.9,0.3,24.4,77,1032.1,50.5,2.75
2018-10-23,15.0,6.1,10.6,0.0,23.2,74,1030.6,50.5,2.75
2018-10-24,16.1,10.8,13.3,0.0,16.3,87,1027.6,50.5,2.75
2018-10-25,13.6,7.6,10.9,0.0,12.1,86,1021.7,50.5,2.75
2018-10-26,13.2,6.2,9.7,1.9,21.4,79,1011.3,50.5,2.75
2018-10-27,8.4,4.2,6.1,0.8,20.3,81,1010.6,50.5,2.75
2018-10-28,8.0,1.9,4.6,0.0,28.0,77,1014.0,50.5,2.75
2018-10-29,6.6,1.4,4.0,0.0,23.9,78,1005.5,50.5,2.75
2018-10-30,9.1,3.2,6.3,26.1,31.5,89,993.0,50.5,2.75
2018-10-31,11.9,2.8,7.7,0.4,22.8,79,1008.9,50.5,2.75
2018-11-01,13.9,8.6,10.8,0.2,25.3,79,1007.5,50.5,2.75
2018-11-02,10.7,2.8,7.0,0.1,13.8,80,1022.1,50.5,2.75
2018-11-03,9.7,0.5,4.9,0.0,13.0,80,1027.2,50.5,2.75
2018-11-04,12.3,4.2,7.1,0.0,18.4,85,1014.8,50.5,2.75
2018-11-05,15.4,7.8,10.7,0.6,17.1,87,1006.4,50.5,2.75
2018-11-06,18.7,11.4,14.5,0.0,23.8,74,1003.3,50.5,2.75
2018-11-07,12.0,9.9,10.9,3.1,29.4,80,1004.0,50.5,2.75
2018-11-08,12.1,5.2,8.7,0.0,19.7,82,1017.0,50.5,2.75
2018-11-09,13.6,4.8,8.9,0.0,27.5,85,1010.4,50.5,2.75
2018-11-10,13.4,10.0,11.3,8.2,35.8,85,999.8,50.5,2.75
2018-11-11,13.4,10.3,11.2,1.3,29.8,85,1003.1,50.5,2.75
2018-11-12,12.4,9.6,10.6,2.7,17.2,88,1012.6,50.5,2.75
2018-11-13,12.6,8.2,10.0,0.1,28.4,83,1022.7,50.5,2.75
2018-11-14,12.4,5.9,8.6,0.0,17.1,88,1026.0,50.5,2.75
2018-11-15,11.6,6.2,8.7,0.0,14.9,92,1023.3,50.5,2.75
2018-11-16,9.9,6.8,8.7,0.0,11.4,92,1025.7,50.5,2.75
2018-11-17,8.9,-0.2,4.3,0.0,17.2,83,1027.0,50.5,2.75
2018-11-18,7.5,0.5,3.4,0.0,18.2,71,1026.3,50.5,2.75
2018-11-19,6.4,0.2,3.2,0.8,30.1,76,1018.8,50.5,2.75
2018-11-20,4.3,2.2,3.3,0.5,25.4,74,1007.4,50.5,2.75
2018-11-21,4.8,-2.3,1.3,0.0,14.1,87,1013.3,50.5,2.75
2018-11-22,5.4,1.5,3.9,0.2,9.6,91,1017.9,50.5,2.75
2018-11-23,9.1,0.6,4.3,0.3,11.8,94,1015.2,50.5,2.75
2018-11-24,7.6,2.5,5.2,9.0,8.6,95,1009.8,50.5,2.75
2018-11-25,4.8,1.6,3.2,0.2,17.6,98,1009.7,50.5,2.75
2018-11-26,6.2,3.5,4.5,2.1,15.2,95,1011.2,50.5,2.75
2018-11-27,7.6,0.6,4.4,1.2,27.4,95,1017.5,50.5,2.75
2018-11-28,12.5,6.2,9.4,8.6,29.8,90,1013.7,50.5,2.75
2018-11-29,12.6,9.8,10.7,7.0,33.1,81,1009.1,50.5,2.75
2018-11-30,11.2,7.5,9.4,0.0,27.0,83,1010.0,50.5,2.75
2018-12-01,11.2,5.7,8.0,3.8,32.0,90,1009.5,50.5,2.75
2018-12-02,14.3,11.4,12.9,9.6,30.1,90,1000.9,50.5,2.75
2018-12-03,13.0,10.1,12.1,4.9,32.5,88,1002.4,50.5,2.75
2018-12-04,9.8,4.9,7.0,0.0,17.4,83,1019.5,50.5,2.75
2018-12-05,11.0,5.8,8.6,1.5,23.4,87,1019.1,50.5,2.75
2018-12-06,12.6,11.2,11.8,1.1,24.1,92,1015.8,50.5,2.75
2018-12-07,12.4,7.3,10.6,13.3,32.6,85,1008.1,50.5,2.75
2018-12-08,11.1,6.9,9.4,5.2,39.0,79,1005.9,50.5,2.75
2018-12-09,9.6,7.3,8.8,2.0,37.6,77,1006.5,50.5,2.75
2018-12-10,8.2,5.1,6.5,0.0,21.1,84,1024.7,50.5,2.75
2018-12-11,7.3,1.0,4.0,0.0,7.1,87,1026.1,50.5,2.75
2018-12-12,3.7,-1.1,1.0,0.0,12.6,94,1024.3,50.5,2.75
2018-12-13,3.0,-2.0,0.0,0.0,20.2,86,1019.1,50.5,2.75
2018-12-14,1.5,-4.9,-1.8,0.0,11.9,86,1022.8,50.5,2.75
2018-12-15,1.7,-2.8,-0.5,8.3,33.8,78,1019.7,50.5,2.75
2018-12-16,7.3,1.2,4.2,0.9,27.5,93,1009.7,50.5,2.75
2018-12-17,9.3,4.8,6.7,2.2,21.4,90,1017.3,50.5,2.75
2018-12-18,8.0,4.9,6.5,0.0,28.8,85,1017.0,50.5,2.75
2018-12-19,9.9,6.0,7.6,3.5,27.7,86,1009.1,50.5,2.75
2018-12-20,8.5,5.8,7.2,6.0,26.0,88,1010.3,50.5,2.75
2018-12-21,13.1,8.0,10.8,8.7,39.9,85,1005.2,50.5,2.75
2018-12-22,11.3,8.1,10.0,0.8,33.5,86,1015.3,50.5,2.75
2018-12-23,12.5,7.7,9.9,7.1,28.5,93,1018.8,50.5,2.75
2018-12-24,9.6,2.0,6.3,3.1,23.4,90,1029.7,50.5,2.75
2018-12-25,5.4,-0.6,1.2,0.0,9.0,94,1036.0,50.5,2.75
2018-12-26,4.3,-1.9,0.4,0.0,9.5,92,1032.4,50.5,2.75
2018-12-27,4.3,-1.2,0.6,0.0,12.2,86,1027.1,50.5,2.75
2018-12-28,4.9,-2.4,1.4,0.0,10.0,95,1029.7,50.5,2.75
2018-12-29,10.2,1.8,6.0,0.0,24.3,95,1033.0,50.5,2.75
2018-12-30,9.4,2.0,6.6,0.0,13.9,96,1034.8,50.5,2.75
2018-12-31,9.6,7.3,8.3,0.0,11.2,90,1035.6,50.5,2.75
2019-01-01,8.8,4.9,7.4,0.2,18.8,87,1033.6,50.5,2.75
2019-01-02,6.8,4.2,5.6,0.1,17.1,72,1039.5,50.5,2.75
2019-01-03,5.7,2.3,4.2,0.0,10.2,81,1041.2,50.5,2.75
2019-01-04,4.6,1.5,3.3,0.0,17.9,85,1040.5,50.5,2.75
2019-01-05,6.1,3.2,4.6,0.0,18.1,82,1037.1,50.5,2.75
2019-01-06,6.9,2.8,4.9,0.2,13.9,85,1035.8,50.5,2.75
2019-01-07,9.6,4.0,6.9,0.2,28.5,88,1033.2,50.5,2.75
2019-01-08,9.6,5.5,7.2,0.5,30.3,78,1024.7,50.5,2.75
2019-01-09,5.8,2.2,4.7,2.1,28.4,75,1024.3,50.5,2.75
2019-01-10,4.8,-1.5,2.1,1.0,11.5,87,1028.2,50.5,2.75
2019-01-11,7.8,3.5,5.7,0.8,19.0,94,1027.8,50.5,2.75
2019-01-12,8.6,2.8,6.2,0.8,23.0,91,1023.5,50.5,2.75
2019-01-13,10.1,7.3,8.9,3.3,30.7,88,1013.3,50.5,2.75
2019-01-14,8.3,4.7,6.4,0.9,28.9,81,1017.4,50.5,2.75
2019-01-15,8.1,3.3,5.7,0.0,22.8,86,1021.1,50.5,2.75
2019-01-16,7.1,4.6,6.0,1.5,26.8,78,1010.4,50.5,2.75
2019-01-17,7.3,1.5,4.2,2.6,24.8,83,1007.9,50.5,2.75
2019-01-18,5.1,-0.8,1.9,0.0,16.1,83,1018.6,50.5,2.75
2019-01-19,3.8,-2.2,0.3,0.0,18.4,81,1013.4,50.5,2.75
2019-01-20,2.3,-4.8,-0.1,0.0,8.9,83,1015.5,50.5,2.75
2019-01-21,3.5,-5.9,-2.5,0.0,11.4,79,1022.6,50.5,2.75
2019-01-22,3.1,-3.0,0.3,2.5,29.6,88,1006.3,50.5,2.75
2019-01-23,0.7,-1.9,-0.1,2.6,18.2,93,998.6,50.5,2.75
2019-01-24,2.1,-6.0,-1.3,1.3,12.0,93,1011.2,50.5,2.75
2019-01-25,7.3,-0.1,2.6,0.3,21.8,94,1014.5,50.5,2.75
2019-01-26,8.9,5.9,7.4,0.5,27.5,91,1007.7,50.5,2.75
2019-01-27,7.8,3.5,5.6,8.7,30.1,85,990.1,50.5,2.75
2019-01-28,4.9,0.6,3.4,0.3,32.4,70,1001.5,50.5,2.75
2019-01-29,5.2,-2.5,0.8,1.7,23.4,79,1003.3,50.5,2.75
2019-01-30,3.0,-5.7,0.1,9.2,22.5,90,994.2,50.5,2.75
2019-01-31,0.2,-5.8,-2.5,0.3,22.5,91,994.1,50.5,2.75
2019-02-01,5.4,0.3,2.5,5.4,20.8,94,986.5,50.5,2.75
2019-02-02,5.1,2.5,3.4,3.7,27.9,89,999.4,50.5,2.75
2019-02-03,5.3,-0.6,2.3,1.7,22.2,85,1021.2,50.5,2.75
2019-02-04,3.5,-0.7,1.8,1.7,31.0,81,1024.1,50.5,2.75
2019-02-05,7.9,1.5,3.9,0.0,19.7,88,1026.1,50.5,2.75
2019-02-06,9.8,4.2,6.9,3.1,22.7,92,1020.9,50.5,2.75
2019-02-07,9.9,6.0,8.2,4.8,37.2,81,1010.5,50.5,2.75
2019-02-08,10.1,5.8,8.3,3.9,42.5,83,1007.9,50.5,2.75
2019-02-09,9.2,7.0,8.2,3.9,42.0,78,1004.8,50.5,2.75
2019-02-10,10.1,4.8,7.4,13.5,38.3,84,997.1,50.5,2.75
2019-02-11,7.7,1.9,4.7,0.0,22.3,79,1020.6,50.5,2.75
2019-02-12,8.6,2.3,4.9,0.1,14.1,80,1034.6,50.5,2.75
2019-02-13,8.5,0.6,3.9,0.0,14.1,81,1035.7,50.5,2.75
2019-02-14,11.5,-0.2,4.3,0.0,12.6,83,1033.8,50.5,2.75
2019-02-15,13.6,2.5,6.5,0.0,15.9,76,1029.3,50.5,2.75
2019-02-16,13.8,2.2,6.9,0.0,12.9,80,1025.2,50.5,2.75
2019-02-17,14.9,4.2,8.4,0.0,23.4,72,1019.8,50.5,2.75
2019-02-18,13.6,3.3,8.2,0.1,14.1,77,1017.1,50.5,2.75
2019-02-19,10.8,4.0,7.3,0.0,21.9,82,1019.9,50.5,2.75
2019-02-20,11.5,2.4,6.6,0.0,17.1,81,1022.6,50.5,2.75
2019-02-21,12.6,4.3,7.5,0.0,14.5,85,1027.4,50.5,2.75
2019-02-22,11.5,4.4,7.1,0.0,12.8,94,1035.2,50.5,2.75
2019-02-23,13.8,4.7,8.1,0.0,13.4,83,1035.3,50.5,2.75
2019-02-24,13.2,-0.2,6.0,0.0,12.6,60,1036.0,50.5,2.75
2019-02-25,15.6,0.8,7.3,0.0,11.4,69,1036.4,50.5,2.75
2019-02-26,16.4,1.6,7.8,0.0,13.2,77,1033.3,50.5,2.75
2019-02-27,16.8,4.8,9.0,0.0,12.4,79,1026.2,50.5,2.75
2019-02-28,12.6,5.4,8.9,0.9,34.7,83,1018.0,50.5,2.75
2019-03-01,9.2,6.7,8.1,7.3,20.2,85,1017.5,50.5,2.75
2019-03-02,11.6,6.3,8.5,0.3,27.4,86,1014.5,50.5,2.75
2019-03-03,14.2,9.6,11.7,2.2,40.9,77,1005.8,50.5,2.75
2019-03-04,12.2,6.2,8.7,1.2,40.5,70,996.0,50.5,2.75
2019-03-05,10.2,4.2,7.3,3.6,29.8,79,1005.8,50.5,2.75
2019-03-06,11.2,7.7,9.5,7.4,31.5,80,997.2,50.5,2.75
2019-03-07,9.9,6.7,8.5,9.0,40.1,80,994.7,50.5,2.75
2019-03-08,10.6,5.0,7.8,5.4,28.5,80,1011.2,50.5,2.75
2019-03-09,12.2,7.7,9.7,1.4,45.5,80,1013.3,50.5,2.75
2019-03-10,11.4,5.9,9.0,7.3,59.8,71,1010.3,50.5,2.75
2019-03-11,8.6,3.8,5.8,0.5,35.1,60,1022.0,50.5,2.75
2019-03-12,10.0,4.5,6.8,2.6,41.8,69,1013.6,50.5,2.75
2019-03-13,10.1,5.8,7.8,0.6,39.3,67,1008.1,50.5,2.75
2019-03-14,11.4,6.3,8.5,10.3,40.6,82,1007.6,50.5,2.75
2019-03-15,12.2,7.5,10.5,8.0,43.2,86,1009.0,50.5,2.75
2019-03-16,13.1,9.4,10.9,1.4,40.2,75,1008.9,50.5,2.75
2019-03-17,9.9,4.4,7.5,3.4,31.7,72,1004.7,50.5,2.75
2019-03-18,9.8,3.0,5.8,0.6,18.2,79,1019.0,50.5,2.75
2019-03-19,10.9,1.4,6.0,0.0,11.2,84,1027.9,50.5,2.75
2019-03-20,12.3,5.1,8.2,0.0,12.7,85,1033.4,50.5,2.75
2019-03-21,12.7,3.7,8.2,0.0,6.6,87,1034.2,50.5,2.75
2019-03-22,16.0,3.5,8.4,0.0,10.6,86,1029.6,50.5,2.75
2019-03-23,11.5,3.8,7.7,0.6,16.5,89,1030.4,50.5,2.75
2019-03-24,10.8,4.6,7.5,0.1,15.4,71,1029.3,50.5,2.75
2019-03-25,9.2,4.8,6.9,0.0,31.4,71,1028.8,50.5,2.75
2019-03-26,11.0,2.2,6.7,0.0,15.8,76,1033.4,50.5,2.75
2019-03-27,11.8,5.4,8.5,0.1,10.2,74,1034.0,50.5,2.75
2019-03-28,11.2,5.5,8.4,0.1,11.5,79,1035.7,50.5,2.75
2019-03-29,16.9,2.1,9.1,0.0,10.8,80,1029.9,50.5,2.75
2019-03-30,18.0,5.9,12.3,0.0,11.6,71,1021.7,50.5,2.75
2019-03-31,15.4,4.4,9.8,0.0,24.0,81,1021.9,50.5,2.75
2019-04-01,15.9,4.1,9.6,0.0,16.8,70,1019.2,50.5,2.75
2019-04-02,15.1,5.7,10.1,3.4,25.6,77,1006.1,50.5,2.75
2019-04-03,9.6,2.0,5.0,2.7,19.1,77,1000.5,50.5,2.75
2019-04-04,11.2,-0.2,5.2,0.0,18.9,69,999.0,50.5,2.75
2019-04-05,12.8,2.5,7.4,0.0,21.5,62,1003.9,50.5,2.75
2019-04-06,13.2,1.2,8.0,0.0,14.8,78,1003.9,50.5,2.75
2019-04-07,14.5,4.1,9.2,8.7,11.9,90,1005.8,50.5,2.75
2019-04-08,15.0,7.4,10.9,3.0,14.8,86,1010.4,50.5,2.75
2019-04-09,11.4,7.9,9.5,15.7,14.2,93,1011.4,50.5,2.75
2019-04-10,12.4,5.1,8.5,3.1,22.5,73,1015.2,50.5,2.75
2019-04-11,10.6,0.4,5.6,0.0,20.5,65,1022.9,50.5,2.75
2019-04-12,8.4,2.3,5.4,0.0,17.1,62,1025.0,50.5,2.75
2019-04-13,7.7,-1.6,3.5,1.4,18.7,70,1025.7,50.5,2.75
2019-04-14,7.2,-3.4,2.8,0.1,19.2,77,1024.8,50.5,2.75
2019-04-15,14.6,0.4,7.5,0.0,20.5,73,1021.5,50.5,2.75
2019-04-16,15.1,4.6,10.1,0.1,13.7,77,1014.8,50.5,2.75
2019-04-17,15.4,7.1,11.1,0.2,11.6,82,1020.0,50.5,2.75
2019-04-18,21.0,4.9,13.2,0.0,18.9,72,1022.0,50.5,2.75
2019-04-19,22.0,6.5,14.4,0.0,15.1,69,1025.7,50.5,2.75
2019-04-20,23.3,7.2,15.4,0.0,15.2,66,1027.5,50.5,2.75
2019-04-21,22.5,8.1,15.0,0.0,12.0,65,1019.9,50.5,2.75
2019-04-22,23.0,7.4,15.6,0.0,11.0,65,1007.2,50.5,2.75
2019-04-23,20.2,8.9,15.1,0.0,12.3,67,997.3,50.5,2.75
2019-04-24,19.1,11.6,14.8,1.3,36.7,71,996.8,50.5,2.75
2019-04-25,14.4,9.9,12.1,3.0,26.7,74,1002.7,50.5,2.75
2019-04-26,15.1,6.1,10.9,3.3,21.7,77,1012.1,50.5,2.75
2019-04-27,11.2,8.4,9.8,2.0,38.0,70,1012.9,50.5,2.75
2019-04-28,11.4,6.1,8.7,8.3,20.3,77,1018.5,50.5,2.75
2019-04-29,14.1,3.6,9.1,0.0,14.8,80,1024.9,50.5,2.75
2019-04-30,12.4,4.0,8.9,0.0,13.9,85,1024.3,50.5,2.75
2019-05-01,14.2,6.2,10.6,0.0,12.4,81,1018.5,50.5,2.75
2019-05-02,14.1,7.8,10.7,2.6,14.6,86,1013.3,50.5,2.75
2019-05-03,13.6,5.3,9.5,4.1,9.9,84,1013.7,50.5,2.75
2019-05-04,9.4,5.3,7.4,6.1,32.1,70,1014.6,50.5,2.75
2019-05-05,10.9,4.4,7.4,1.8,26.2,72,1023.0,50.5,2.75
2019-05-06,11.2,3.0,7.4,1.9,20.5,72,1022.3,50.5,2.75
2019-05-07,13.8,3.8,9.1,0.2,12.9,69,1016.7,50.5,2.75
2019-05-08,15.1,8.6,10.9,5.8,25.8,77,999.6,50.5,2.75
2019-05-09,14.4,7.5,10.8,1.1,30.8,78,997.8,50.5,2.75
2019-05-10,15.0,7.4,11.2,5.3,19.9,75,1009.0,50.5,2.75
2019-05-11,14.6,6.7,11.0,1.9,23.8,77,1016.2,50.5,2.75
2019-05-12,13.4,3.2,8.7,0.0,21.5,67,1034.3,50.5,2.75
2019-05-13,14.9,3.5,9.4,0.0,19.9,70,1038.3,50.5,2.75
2019-05-14,15.4,5.4,10.5,0.0,20.6,65,1033.1,50.5,2.75
2019-05-15,17.0,3.9,11.3,0.0,17.6,65,1025.9,50.5,2.75
2019-05-16,16.6,5.3,11.3,0.0,16.1,61,1017.8,50.5,2.75
2019-05-17,14.9,9.2,11.8,0.0,12.6,77,1007.6,50.5,2.75
2019-05-18,18.1,7.0,13.0,1.5,10.5,80,1005.9,50.5,2.75
2019-05-19,15.8,8.8,11.9,4.6,17.1,86,1007.8,50.5,2.75
2019-05-20,16.5,9.2,12.5,0.5,22.0,79,1010.9,50.5,2.75
2019-05-21,18.0,8.1,13.6,0.1,18.7,73,1016.6,50.5,2.75
2019-05-22,18.6,7.8,13.7,0.1,9.2,74,1020.0,50.5,2.75
2019-05-23,21.4,7.1,15.2,0.2,11.2,67,1018.0,50.5,2.75
2019-05-24,19.9,9.9,15.5,0.3,17.6,67,1016.4,50.5,2.75
2019-05-25,19.0,11.7,14.5,5.3,15.1,80,1018.0,50.5,2.75
2019-05-26,19.1,11.3,14.9,0.0,29.5,79,1015.4,50.5,2.75
2019-05-27,17.7,12.6,15.0,1.2,23.0,72,1011.0,50.5,2.75
2019-05-28,15.1,9.4,12.6,4.6,21.1,76,1010.8,50.5,2.75
2019-05-29,17.6,6.8,12.4,1.2,17.9,75,1020.4,50.5,2.75
2019-05-30,19.5,13.2,15.9,0.6,26.5,78,1022.7,50.5,2.75
2019-05-31,20.7,11.4,16.3,0.0,18.5,73,1025.0,50.5,2.75
2019-06-01,26.2,9.9,19.0,0.0,14.0,73,1020.9,50.5,2.75
2019-06-02,30.0,16.8,22.3,0.0,26.3,63,1012.7,50.5,2.75
2019-06-03,18.6,12.9,16.0,0.1,20.1,69,1013.9,50.5,2.75
2019-06-04,24.1,10.4,16.8,8.7,21.0,80,1008.0,50.5,2.75
2019-06-05,16.1,11.5,14.7,5.2,17.3,82,1007.5,50.5,2.75
2019-06-06,17.9,9.1,13.6,7.4,16.4,74,1011.8,50.5,2.75
2019-06-07,19.4,10.7,14.4,3.0,36.7,73,1005.9,50.5,2.75
2019-06-08,16.5,10.9,13.6,5.2,42.2,70,1014.4,50.5,2.75
2019-06-09,17.8,9.6,13.9,1.9,13.0,77,1021.3,50.5,2.75
2019-06-10,19.0,10.3,14.2,5.9,18.7,82,1013.0,50.5,2.75
2019-06-11,17.5,7.3,13.0,0.0,11.5,73,1011.7,50.5,2.75
2019-06-12,17.0,10.4,13.4,5.2,13.7,84,1009.2,50.5,2.75
2019-06-13,17.4,10.1,13.8,3.4,28.5,79,1009.6,50.5,2.75
2019-06-14,21.3,9.7,16.1,0.4,18.5,71,1012.5,50.5,2.75
2019-06-15,19.5,12.9,16.2,5.5,16.5,73,1014.2,50.5,2.75
2019-06-16,19.6,12.9,16.5,0.7,20.9,73,1019.3,50.5,2.75
2019-06-17,23.4,12.4,18.2,0.0,13.6,74,1019.0,50.5,2.75
2019-06-18,25.6,11.1,19.0,0.0,13.5,72,1013.9,50.5,2.75
2019-06-19,23.9,15.3,19.3,5.1,18.8,81,1007.4,50.5,2.75
2019-06-20,18.9,12.8,16.1,0.0,23.9,72,1013.0,50.5,2.75
2019-06-21,19.4,11.4,15.5,0.0,16.9,69,1019.6,50.5,2.75
2019-06-22,21.4,8.4,15.7,0.0,16.5,72,1021.1,50.5,2.75
2019-06-23,27.0,12.2,20.3,0.1,18.1,73,1016.7,50.5,2.75
2019-06-24,28.6,18.3,23.5,0.0,15.4,69,1016.2,50.5,2.75
2019-06-25,30.2,18.6,23.6,0.0,15.7,74,1016.6,50.5,2.75
2019-06-26,24.7,16.0,20.0,0.0,24.1,79,1024.4,50.5,2.75
2019-06-27,25.2,14.9,19.8,0.0,22.5,69,1026.5,50.5,2.75
2019-06-28,26.0,12.6,19.7,0.0,16.6,68,1023.8,50.5,2.75
2019-06-29,32.0,14.6,24.0,0.0,15.5,58,1016.8,50.5,2.75
2019-06-30,24.5,15.8,20.9,0.0,21.2,67,1015.6,50.5,2.75
2019-07-01,22.0,13.9,18.2,0.0,20.0,68,1019.6,50.5,2.75
2019-07-02,21.7,12.2,17.4,0.6,19.0,69,1023.2,50.5,2.75
2019-07-03,20.6,10.9,16.1,0.0,23.4,68,1025.1,50.5,2.75
2019-07-04,22.5,10.1,16.7,0.0,16.5,64,1024.4,50.5,2.75
2019-07-05,25.5,12.5,19.5,0.0,13.0,66,1018.8,50.5,2.75
2019-07-06,25.6,13.6,20.0,0.0,18.4,63,1013.0,50.5,2.75
2019-07-07,19.0,13.1,16.2,1.0,15.9,73,1015.9,50.5,2.75
2019-07-08,19.5,9.4,15.0,0.0,17.3,68,1020.7,50.5,2.75
2019-07-09,21.3,8.3,15.5,0.0,15.6,66,1021.6,50.5,2.75
2019-07-10,22.8,12.1,18.1,0.4,11.9,67,1019.6,50.5,2.75
2019-07-11,24.3,15.9,20.1,0.0,14.8,61,1013.6,50.5,2.75
2019-07-12,22.9,15.1,19.1,1.3,25.2,71,1013.4,50.5,2.75
2019-07-13,20.0,12.8,17.0,0.1,19.1,76,1019.7,50.5,2.75
2019-07-14,19.9,13.3,16.4,0.3,24.1,71,1021.2,50.5,2.75
2019-07-15,19.0,12.7,15.6,0.3,17.2,71,1021.1,50.5,2.75
2019-07-16,21.6,9.3,16.0,0.0,8.7,71,1019.6,50.5,2.75
2019-07-17,25.2,11.8,18.6,0.0,18.7,66,1015.2,50.5,2.75
2019-07-18,22.0,14.9,18.2,1.1,22.1,72,1012.2,50.5,2.75
2019-07-19,24.1,14.4,19.5,0.0,18.6,69,1013.3,50.5,2.75
2019-07-20,22.7,17.1,19.9,4.0,28.9,72,1011.0,50.5,2.75
2019-07-21,23.0,15.1,19.0,0.0,17.1,68,1020.6,50.5,2.75
2019-07-22,27.8,14.9,21.5,0.0,16.1,62,1023.3,50.5,2.75
2019-07-23,33.7,14.8,24.6,0.0,13.2,60,1018.9,50.5,2.75
2019-07-24,32.0,22.2,27.1,0.0,15.3,50,1013.6,50.5,2.75
2019-07-25,38.2,21.1,29.2,0.0,18.2,51,1012.3,50.5,2.75
2019-07-26,29.4,20.2,25.3,0.0,21.1,54,1009.7,50.5,2.75
2019-07-27,19.7,16.6,18.3,14.5,21.0,89,1005.3,50.5,2.75
2019-07-28,20.6,14.9,17.8,0.0,25.2,77,1005.7,50.5,2.75
2019-07-29,25.6,12.9,19.2,0.0,16.2,65,1010.5,50.5,2.75
2019-07-30,24.5,16.2,20.1,0.1,30.4,60,1010.3,50.5,2.75
2019-07-31,20.5,15.7,17.8,0.2,30.1,70,1015.1,50.5,2.75
2019-08-01,23.1,16.0,19.3,0.3,17.5,70,1017.0,50.5,2.75
2019-08-02,22.9,13.4,18.3,0.5,20.7,75,1017.6,50.5,2.75
2019-08-03,22.7,15.8,19.3,0.0,10.3,75,1018.7,50.5,2.75
2019-08-04,25.9,14.1,20.7,0.0,7.9,70,1014.9,50.5,2.75
2019-08-05,24.2,16.0,20.2,0.4,22.0,69,1011.9,50.5,2.75
2019-08-06,23.0,14.9,18.7,0.8,19.2,71,1010.6,50.5,2.75
2019-08-07,22.7,15.9,19.0,0.1,24.5,69,1008.5,50.5,2.75
2019-08-08,24.2,14.5,19.4,0.8,16.7,72,1011.2,50.5,2.75
2019-08-09,24.6,19.5,21.9,6.8,28.0,71,1005.8,50.5,2.75
2019-08-10,23.6,17.9,20.5,0.0,39.0,59,1009.5,50.5,2.75
2019-08-11,20.5,14.8,17.7,0.0,21.4,68,1014.7,50.5,2.75
2019-08-12,20.5,13.5,16.5,0.3,21.3,74,1015.0,50.5,2.75
2019-08-13,17.8,12.1,14.7,1.1,24.3,77,1018.4,50.5,2.75
2019-08-14,20.1,11.6,16.1,4.9,20.3,79,1016.2,50.5,2.75
2019-08-15,20.5,16.4,18.0,3.6,30.0,77,1012.3,50.5,2.75
2019-08-16,22.5,14.1,18.3,1.0,25.3,73,1015.1,50.5,2.75
2019-08-17,20.4,16.1,18.1,4.3,24.0,82,1007.7,50.5,2.75
2019-08-18,20.1,14.8,16.9,11.1,28.7,78,1007.1,50.5,2.75
2019-08-19,19.5,14.1,16.5,0.0,27.4,71,1016.0,50.5,2.75
2019-08-20,19.6,13.1,16.0,0.1,20.3,72,1023.0,50.5,2.75
2019-08-21,22.0,9.9,16.2,0.0,9.3,72,1027.3,50.5,2.75
2019-08-22,22.9,10.6,16.6,0.0,14.9,68,1025.8,50.5,2.75
2019-08-23,25.2,10.5,17.7,0.0,10.5,65,1024.8,50.5,2.75
2019-08-24,28.9,11.8,20.6,0.0,12.5,67,1019.7,50.5,2.75
2019-08-25,29.8,15.6,22.9,0.0,10.5,61,1018.2,50.5,2.75
2019-08-26,30.6,17.8,23.9,0.0,10.4,58,1017.7,50.5,2.75
2019-08-27,31.6,18.4,25.0,0.0,14.7,60,1014.3,50.5,2.75
2019-08-28,26.9,18.3,21.9,2.3,18.8,68,1014.6,50.5,2.75
2019-08-29,22.0,14.1,18.7,0.7,17.7,69,1019.7,50.5,2.75
2019-08-30,23.8,11.6,17.4,0.0,9.3,70,1022.5,50.5,2.75
2019-08-31,28.6,13.9,19.8,0.0,28.4,60,1013.6,50.5,2.75
2019-09-01,20.9,14.2,17.3,0.0,18.4,60,1016.3,50.5,2.75
2019-09-02,21.1,9.7,15.8,0.0,20.2,62,1023.7,50.5,2.75
2019-09-03,19.6,14.1,16.9,0.2,22.3,72,1024.2,50.5,2.75
2019-09-04,20.2,13.6,16.5,3.7,28.2,72,1017.3,50.5,2.75
2019-09-05,17.1,10.9,14.6,0.0,21.9,62,1022.2,50.5,2.75
2019-09-06,19.4,8.6,13.7,1.5,26.1,67,1024.1,50.5,2.75
2019-09-07,16.6,10.8,14.1,1.6,21.8,81,1020.6,50.5,2.75
2019-09-08,16.0,10.1,12.8,1.6,20.0,75,1021.6,50.5,2.75
2019-09-09,17.5,7.2,12.2,0.0,17.1,73,1015.9,50.5,2.75
2019-09-10,19.9,9.6,14.9,0.0,7.9,65,1017.6,50.5,2.75
2019-09-11,19.8,11.9,16.0,0.6,30.3,82,1022.2,50.5,2.75
2019-09-12,21.7,16.8,18.5,1.0,21.7,83,1027.9,50.5,2.75
2019-09-13,20.4,14.1,17.7,0.7,20.7,81,1032.4,50.5,2.75
2019-09-14,22.4,9.9,15.7,0.0,10.8,75,1031.8,50.5,2.75
2019-09-15,24.0,9.4,16.7,0.0,10.2,66,1024.6,50.5,2.75
2019-09-16,22.9,12.2,16.6,0.7,12.7,82,1021.3,50.5,2.75
2019-09-17,18.3,12.2,15.3,0.1,19.6,74,1023.3,50.5,2.75
2019-09-18,17.3,7.9,12.7,0.0,18.6,65,1027.6,50.5,2.75
2019-09-19,17.6,6.7,12.6,0.0,18.6,71,1030.1,50.5,2.75
2019-09-20,20.5,7.2,13.8,0.0,20.3,60,1026.2,50.5,2.75
2019-09-21,25.8,10.1,17.4,0.0,19.4,50,1015.0,50.5,2.75
2019-09-22,25.6,15.3,18.9,6.5,24.1,69,1007.2,50.5,2.75
2019-09-23,20.4,12.4,16.6,0.7,22.1,73,1013.0,50.5,2.75
2019-09-24,17.5,14.7,16.0,9.6,30.8,86,1007.2,50.5,2.75
2019-09-25,16.5,13.0,14.7,6.3,27.6,88,1004.7,50.5,2.75
2019-09-26,18.8,14.9,16.4,9.9,25.6,89,1006.8,50.5,2.75
2019-09-27,18.5,13.2,15.5,1.9,28.6,79,1008.4,50.5,2.75
2019-09-28,16.6,13.4,14.9,3.1,32.9,83,1011.6,50.5,2.75
2019-09-29,19.9,13.8,16.2,4.6,43.5,78,1001.8,50.5,2.75
2019-09-30,17.7,11.4,14.8,0.0,33.9,78,1010.6,50.5,2.75
2019-10-01,18.2,13.6,16.4,15.1,41.6,86,1001.7,50.5,2.75
2019-10-02,13.8,8.1,11.9,1.5,25.2,71,1012.8,50.5,2.75
2019-10-03,13.1,5.7,9.6,0.0,15.5,70,1019.2,50.5,2.75
2019-10-04,15.7,10.2,13.2,2.8,29.7,78,1006.7,50.5,2.75
2019-10-05,13.9,10.2,11.9,0.0,11.5,84,1013.6,50.5,2.75
2019-10-06,16.5,11.0,13.0,4.9,29.7,85,1010.9,50.5,2.75
2019-10-07,16.2,10.8,13.2,0.3,27.5,81,1015.4,50.5,2.75
2019-10-08,15.6,12.9,14.1,5.9,24.7,85,1009.1,50.5,2.75
2019-10-09,13.2,10.8,11.7,8.3,32.0,86,1007.9,50.5,2.75
2019-10-10,15.6,9.1,12.5,1.8,26.3,77,1012.9,50.5,2.75
2019-10-11,17.4,12.9,15.2,0.9,35.6,75,1012.2,50.5,2.75
2019-10-12,18.4,13.9,16.0,0.0,25.6,79,1009.1,50.5,2.75
2019-10-13,22.8,14.1,17.1,1.5,31.4,83,1007.4,50.5,2.75
2019-10-14,21.6,11.8,16.1,6.1,23.1,85,1008.3,50.5,2.75
2019-10-15,17.5,11.6,14.2,0.3,21.6,83,1005.8,50.5,2.75
2019-10-16,15.4,10.9,13.3,17.1,29.8,89,1006.6,50.5,2.75
2019-10-17,16.5,10.6,13.4,0.9,20.3,80,1008.5,50.5,2.75
2019-10-18,14.9,11.8,13.2,1.0,33.7,72,1005.0,50.5,2.75
2019-10-19,14.7,9.6,12.5,1.1,22.3,79,1003.8,50.5,2.75
2019-10-20,13.1,8.9,10.8,1.7,17.0,90,1007.9,50.5,2.75
2019-10-21,14.4,10.6,12.0,4.9,18.5,90,1013.4,50.5,2.75
2019-10-22,14.2,7.9,11.2,0.2,14.7,89,1023.1,50.5,2.75
2019-10-23,17.1,7.8,12.6,0.7,14.1,88,1014.2,50.5,2.75
2019-10-24,17.2,12.1,14.5,0.9,35.5,85,1006.7,50.5,2.75
2019-10-25,15.2,10.9,13.2,0.1,30.0,84,1016.4,50.5,2.75
2019-10-26,19.4,14.0,16.6,0.0,31.7,72,1012.7,50.5,2.75
2019-10-27,16.7,5.1,9.8,3.7,25.3,79,1020.9,50.5,2.75
2019-10-28,11.8,3.2,8.0,0.0,14.2,83,1023.7,50.5,2.75
2019-10-29,11.5,5.7,8.8,0.0,19.9,77,1023.7,50.5,2.75
2019-10-30,8.9,4.9,6.4,0.3,15.6,81,1024.6,50.5,2.75
2019-10-31,9.8,2.5,5.6,0.0,12.6,87,1020.1,50.5,2.75
2019-11-01,14.6,6.1,10.4,6.8,22.3,93,1005.4,50.5,2.75
2019-11-02,14.6,11.1,13.2,3.8,40.9,77,988.8,50.5,2.75
2019-11-03,11.9,8.8,10.3,3.9,24.2,88,983.6,50.5,2.75
2019-11-04,13.2,8.4,10.4,3.9,25.2,86,986.8,50.5,2.75
2019-11-05,11.7,7.2,9.0,0.6,18.3,85,995.0,50.5,2.75
2019-11-06,9.9,6.2,8.6,1.6,15.8,91,1002.8,50.5,2.75
2019-11-07,10.0,5.6,8.1,8.3,28.6,85,996.2,50.5,2.75
2019-11-08,9.4,1.5,5.5,0.0,15.9,87,1004.8,50.5,2.75
2019-11-09,9.2,3.3,5.9,0.9,15.2,86,1008.2,50.5,2.75
2019-11-10,9.4,3.0,5.8,0.2,12.3,87,1010.1,50.5,2.75
2019-11-11,8.3,4.0,6.0,7.2,27.6,87,1005.4,50.5,2.75
2019-11-12,6.9,4.4,5.4,2.4,25.2,86,1000.9,50.5,2.75
2019-11-13,9.2,4.5,6.5,0.1,20.4,86,1000.3,50.5,2.75
2019-11-14,7.6,2.2,5.5,2.3,26.9,82,997.2,50.5,2.75
2019-11-15,5.2,3.0,4.0,3.0,19.5,92,1000.1,50.5,2.75
2019-11-16,7.1,2.5,4.9,0.0,17.9,84,1006.1,50.5,2.75
2019-11-17,7.8,0.2,3.8,0.0,9.9,90,1010.8,50.5,2.75
2019-11-18,8.1,2.4,5.6,6.0,21.1,89,1011.4,50.5,2.75
2019-11-19,7.6,0.3,4.2,0.0,13.0,82,1017.6,50.5,2.75
2019-11-20,6.3,-0.5,2.9,0.0,17.2,84,1015.3,50.5,2.75
2019-11-21,7.2,-0.5,2.9,0.0,15.9,91,1006.3,50.5,2.75
2019-11-22,10.2,5.5,7.5,0.5,23.8,86,1000.1,50.5,2.75
2019-11-23,10.4,6.3,8.6,1.7,26.4,78,994.9,50.5,2.75
2019-11-24,10.1,5.3,7.3,0.0,14.4,94,1004.9,50.5,2.75
2019-11-25,11.4,6.6,8.6,0.3,21.8,89,1006.4,50.5,2.75
2019-11-26,12.4,9.4,10.7,0.1,27.2,91,1000.8,50.5,2.75
2019-11-27,11.4,9.2,10.3,9.3,41.2,87,987.8,50.5,2.75
2019-11-28,10.7,8.8,9.6,3.9,32.9,88,994.1,50.5,2.75
2019-11-29,8.8,2.7,6.6,1.9,13.6,88,1012.0,50.5,2.75
2019-11-30,5.4,-0.6,2.6,0.0,16.7,92,1022.1,50.5,2.75
2019-12-01,4.2,0.4,1.9,0.0,18.7,84,1019.8,50.5,2.75
2019-12-02,8.0,-1.5,2.7,0.0,13.4,90,1028.3,50.5,2.75
2019-12-03,5.6,-2.9,0.6,0.0,10.5,95,1029.2,50.5,2.75
2019-12-04,5.1,-2.3,1.0,0.0,10.5,94,1022.3,50.5,2.75
2019-12-05,5.1,-2.4,1.3,0.0,20.5,95,1021.4,50.5,2.75
2019-12-06,10.2,1.6,6.4,6.2,32.7,91,1011.4,50.5,2.75
2019-12-07,10.4,7.2,8.5,0.0,23.1,88,1013.8,50.5,2.75
2019-12-08,11.5,7.2,9.3,5.0,35.1,84,1005.1,50.5,2.75
2019-12-09,7.9,5.3,6.9,2.1,43.0,77,1005.3,50.5,2.75
2019-12-10,7.7,0.5,4.1,0.3,37.3,81,1021.4,50.5,2.75
2019-12-11,8.4,5.2,6.9,4.1,36.0,88,1007.8,50.5,2.75
2019-12-12,6.3,2.2,4.2,7.1,39.0,91,996.7,50.5,2.75
2019-12-13,7.7,5.9,6.8,9.8,33.5,81,979.6,50.5,2.75
2019-12-14,9.6,5.2,7.1,6.9,36.9,78,991.3,50.5,2.75
2019-12-15,10.1,5.9,7.8,2.7,35.6,76,999.1,50.5,2.75
2019-12-16,8.9,5.8,7.5,3.5,21.9,92,1003.1,50.5,2.75
2019-12-17,14.1,7.2,9.8,1.3,33.2,86,999.6,50.5,2.75
2019-12-18,10.1,4.5,7.1,0.0,25.5,90,1012.0,50.5,2.75
2019-12-19,13.4,9.9,11.6,1.8,26.2,80,1003.9,50.5,2.75
2019-12-20,12.1,7.9,10.5,18.0,35.1,81,986.0,50.5,2.75
2019-12-21,10.1,6.8,8.1,4.7,30.1,84,985.9,50.5,2.75
2019-12-22,8.9,7.2,8.1,6.8,32.9,89,983.9,50.5,2.75
2019-12-23,9.9,6.6,7.8,0.1,24.1,85,1006.8,50.5,2.75
2019-12-24,11.5,6.9,9.3,4.0,32.7,85,1010.9,50.5,2.75
2019-12-25,9.6,2.8,6.7,0.1,19.9,87,1021.6,50.5,2.75
2019-12-26,9.4,1.8,5.1,5.3,24.1,90,1021.6,50.5,2.75
2019-12-27,9.2,5.1,7.7,2.5,20.7,93,1025.7,50.5,2.75
2019-12-28,7.2,1.8,5.6,0.0,11.5,91,1037.8,50.5,2.75
2019-12-29,5.4,-0.9,1.5,0.0,16.2,88,1036.4,50.5,2.75
2019-12-30,7.4,0.8,3.2,0.0,15.8,75,1031.6,50.5,2.75
2019-12-31,6.6,-0.9,2.2,0.0,11.2,88,1032.1,50.5,2.75
2020-01-01,2.4,-0.8,0.8,0.0,15.0,94,1031.2,50.5,2.75
2020-01-02,8.5,2.2,4.9,0.0,21.7,93,1025.0,50.5,2.75
2020-01-03,10.1,5.5,8.9,3.5,26.5,88,1020.8,50.5,2.75
2020-01-04,8.2,3.0,4.9,0.0,21.6,88,1033.2,50.5,2.75
2020-01-05,8.2,3.4,5.6,0.0,13.9,89,1035.1,50.5,2.75
2020-01-06,7.1,1.5,4.9,1.5,22.0,87,1025.9,50.5,2.75
2020-01-07,9.5,5.6,7.4,0.0,23.9,90,1025.3,50.5,2.75
2020-01-08,12.2,10.0,11.4,2.3,23.1,93,1023.2,50.5,2.75
2020-01-09,13.8,10.3,12.0,4.0,29.6,90,1012.7,50.5,2.75
2020-01-10,9.8,2.2,6.8,2.5,23.2,88,1019.9,50.5,2.75
2020-01-11,7.8,3.0,5.0,0.0,22.7,82,1030.1,50.5,2.75
2020-01-12,10.8,4.7,7.2,0.2,29.1,84,1022.5,50.5,2.75
2020-01-13,10.1,5.1,7.3,0.0,38.7,89,1015.9,50.5,2.75
2020-01-14,12.0,9.9,10.7,7.9,43.3,81,1003.4,50.5,2.75
2020-01-15,11.5,6.3,9.4,4.3,39.2,75,1010.0,50.5,2.75
2020-01-16,11.8,3.7,7.2,0.0,29.2,86,1020.9,50.5,2.75
2020-01-17,10.7,5.1,9.0,1.2,30.7,76,1015.2,50.5,2.75
2020-01-18,7.1,1.2,4.4,0.2,21.4,84,1026.0,50.5,2.75
2020-01-19,7.2,1.1,3.9,1.5,20.8,83,1039.8,50.5,2.75
2020-01-20,5.1,-0.5,1.9,0.0,10.1,95,1047.6,50.5,2.75
2020-01-21,2.9,-2.4,0.3,0.0,7.5,97,1042.7,50.5,2.75
2020-01-22,3.1,-2.8,-0.2,0.0,8.0,96,1037.7,50.5,2.75
2020-01-23,6.4,0.3,3.6,0.0,13.5,90,1031.7,50.5,2.75
2020-01-24,3.7,-1.4,1.2,0.0,7.0,92,1024.2,50.5,2.75
2020-01-25,4.9,-2.5,2.1,0.0,12.3,93,1021.1,50.5,2.75
2020-01-26,8.8,3.1,5.9,0.7,25.6,92,1014.8,50.5,2.75
2020-01-27,9.4,6.9,8.2,5.9,33.9,87,1004.8,50.5,2.75
2020-01-28,6.8,2.3,5.3,4.4,37.8,81,997.0,50.5,2.75
2020-01-29,8.8,3.1,5.6,0.0,29.5,75,1009.2,50.5,2.75
2020-01-30,12.2,4.0,7.8,2.3,31.6,89,1008.5,50.5,2.75
2020-01-31,12.6,9.9,11.1,0.6,32.8,88,1009.4,50.5,2.75
2020-02-01,12.1,8.6,10.9,8.6,36.0,85,1006.8,50.5,2.75
2020-02-02,12.4,7.6,10.3,4.7,35.5,87,1010.3,50.5,2.75
2020-02-03,11.2,7.6,9.8,8.4,29.0,85,1013.8,50.5,2.75
2020-02-04,8.0,4.2,6.3,0.9,36.9,73,1018.7,50.5,2.75
2020-02-05,8.1,5.2,6.7,0.2,19.9,81,1035.1,50.5,2.75
2020-02-06,7.8,-1.0,3.5,0.0,7.8,86,1032.7,50.5,2.75
2020-02-07,9.8,-1.3,3.6,0.0,19.9,80,1023.4,50.5,2.75
2020-02-08,9.6,6.8,8.2,1.9,21.7,89,1018.4,50.5,2.75
2020-02-09,12.4,6.7,9.4,11.1,54.6,84,1005.3,50.5,2.75
2020-02-10,10.9,6.2,8.2,7.1,48.6,73,999.4,50.5,2.75
2020-02-11,7.6,5.1,6.1,0.3,41.2,58,1008.0,50.5,2.75
2020-02-12,7.9,4.2,5.7,0.3,31.0,68,1015.9,50.5,2.75
2020-02-13,9.9,4.3,6.6,11.3,41.8,83,1002.9,50.5,2.75
2020-02-14,11.2,2.3,7.1,0.0,23.5,81,1018.3,50.5,2.75
2020-02-15,13.3,7.3,10.3,1.2,39.9,79,1015.4,50.5,2.75
2020-02-16,15.0,8.4,12.1,16.4,49.4,81,1002.9,50.5,2.75
2020-02-17,9.6,6.3,7.7,2.3,38.5,73,1013.0,50.5,2.75
2020-02-18,8.9,5.4,6.8,3.5,32.3,81,1021.6,50.5,2.75
2020-02-19,8.2,3.1,6.2,8.0,32.4,79,1020.5,50.5,2.75
2020-02-20,11.7,5.2,8.3,4.4,38.1,80,1015.4,50.5,2.75
2020-02-21,9.6,3.7,6.6,0.0,25.2,71,1025.6,50.5,2.75
2020-02-22,10.8,5.8,8.4,0.8,34.8,78,1022.5,50.5,2.75
2020-02-23,12.2,8.1,10.6,4.1,45.8,86,1019.5,50.5,2.75
2020-02-24,12.5,5.1,9.0,5.6,36.4,83,1016.1,50.5,2.75
2020-02-25,10.4,3.8,7.4,3.5,31.4,82,1002.5,50.5,2.75
2020-02-26,6.4,1.9,4.2,0.5,31.2,70,1002.2,50.5,2.75
2020-02-27,4.7,1.6,2.9,12.0,32.1,85,1002.4,50.5,2.75
2020-02-28,9.7,-0.2,3.9,3.4,35.2,83,1012.2,50.5,2.75
2020-02-29,10.4,5.4,8.5,5.7,43.1,78,993.2,50.5,2.75
2020-03-01,9.2,5.2,6.6,0.2,32.0,68,993.4,50.5,2.75
2020-03-02,8.4,3.8,5.7,3.7,26.0,86,990.4,50.5,2.75
2020-03-03,7.7,2.2,4.8,1.0,20.5,82,1002.8,50.5,2.75
2020-03-04,8.9,3.0,5.7,5.3,19.6,85,1009.6,50.5,2.75
2020-03-05,8.4,6.2,7.4,10.8,21.7,95,992.5,50.5,2.75
2020-03-06,8.1,2.9,5.9,4.1,25.5,82,1000.1,50.5,2.75
2020-03-07,10.2,1.4,5.7,0.2,19.7,78,1017.4,50.5,2.75
2020-03-08,11.1,6.7,8.4,2.9,28.8,83,1011.4,50.5,2.75
2020-03-09,10.1,4.9,7.5,1.2,28.0,78,1013.1,50.5,2.75
2020-03-10,12.1,6.7,10.4,11.2,35.7,90,1008.6,50.5,2.75
2020-03-11,13.8,11.4,12.1,5.0,34.1,88,1012.3,50.5,2.75
2020-03-12,12.8,6.4,9.2,1.8,37.9,69,1012.0,50.5,2.75
2020-03-13,10.4,4.8,7.6,0.4,30.0,70,1018.3,50.5,2.75
2020-03-14,9.8,4.4,7.3,4.1,24.1,86,1018.3,50.5,2.75
2020-03-15,13.0,7.1,9.2,0.4,33.2,80,1012.7,50.5,2.75
2020-03-16,10.9,3.8,7.6,0.0,12.4,83,1019.3,50.5,2.75
2020-03-17,13.1,1.8,6.9,0.0,15.8,76,1029.4,50.5,2.75
2020-03-18,15.5,5.4,9.3,0.0,16.3,69,1027.4,50.5,2.75
2020-03-19,11.8,4.6,8.1,0.1,12.5,91,1024.9,50.5,2.75
2020-03-20,9.1,5.1,7.3,4.7,22.2,91,1025.3,50.5,2.75
2020-03-21,8.7,3.5,6.3,0.1,32.1,73,1024.8,50.5,2.75
2020-03-22,11.0,0.7,5.4,0.0,28.5,56,1025.5,50.5,2.75
2020-03-23,11.4,-0.5,4.8,0.0,20.9,51,1028.1,50.5,2.75
2020-03-24,11.8,-0.8,4.7,0.0,17.9,49,1027.9,50.5,2.75
2020-03-25,10.6,-2.8,4.1,0.0,17.4,56,1024.9,50.5,2.75
2020-03-26,10.6,-0.4,4.8,0.0,23.0,55,1021.2,50.5,2.75
2020-03-27,12.1,-0.7,5.6,0.0,19.1,70,1020.2,50.5,2.75
2020-03-28,13.4,2.3,7.1,0.0,31.6,76,1023.0,50.5,2.75
2020-03-29,7.8,1.7,5.3,0.1,37.5,54,1030.9,50.5,2.75
2020-03-30,8.0,-1.0,3.6,0.0,27.5,59,1032.2,50.5,2.75
2020-03-31,9.2,1.0,5.0,0.0,21.7,71,1029.1,50.5,2.75
2020-04-01,9.9,-2.0,3.6,0.0,17.5,71,1023.3,50.5,2.75
2020-04-02,10.8,-0.1,5.4,0.0,19.5,74,1016.3,50.5,2.75
2020-04-03,10.9,4.6,7.8,0.0,16.8,74,1017.3,50.5,2.75
2020-04-04,14.9,1.0,8.5,0.0,15.5,68,1021.7,50.5,2.75
2020-04-05,20.1,4.3,11.9,0.0,19.7,59,1017.6,50.5,2.75
2020-04-06,16.6,8.5,12.4,1.7,22.7,66,1018.6,50.5,2.75
2020-04-07,19.2,5.0,11.9,0.0,14.6,75,1028.6,50.5,2.75
2020-04-08,22.5,6.7,14.7,0.0,11.3,69,1024.1,50.5,2.75
2020-04-09,22.1,7.3,15.1,0.0,16.1,68,1024.1,50.5,2.75
2020-04-10,21.5,7.1,14.4,0.0,14.8,68,1024.6,50.5,2.75
2020-04-11,21.5,6.4,14.4,0.0,11.2,63,1022.6,50.5,2.75
2020-04-12,22.4,8.0,15.1,0.3,10.6,65,1015.9,50.5,2.75
2020-04-13,13.9,5.1,9.4,0.0,29.0,66,1020.6,50.5,2.75
2020-04-14,9.7,3.2,6.4,0.0,17.4,60,1027.4,50.5,2.75
2020-04-15,17.1,0.3,8.7,0.0,14.6,63,1023.1,50.5,2.75
2020-04-16,21.8,3.3,12.7,0.0,10.8,66,1016.0,50.5,2.75
2020-04-17,21.4,7.0,14.2,0.8,15.3,69,1015.0,50.5,2.75
2020-04-18,16.7,8.7,12.5,2.3,12.0,76,1015.4,50.5,2.75
2020-04-19,16.5,5.7,11.2,0.0,20.2,80,1017.6,50.5,2.75
2020-04-20,18.5,8.2,13.6,0.0,26.6,48,1014.6,50.5,2.75
2020-04-21,19.5,8.5,14.2,0.0,24.0,42,1013.8,50.5,2.75
2020-04-22,20.9,8.1,14.7,0.0,18.6,48,1016.7,50.5,2.75
2020-04-23,22.2,5.8,14.8,0.0,12.1,56,1018.3,50.5,2.75
2020-04-24,19.5,6.6,12.8,0.0,14.8,68,1015.6,50.5,2.75
2020-04-25,15.1,4.6,9.3,0.0,16.7,77,1014.8,50.5,2.75
2020-04-26,16.5,1.8,9.5,0.0,8.6,74,1012.4,50.5,2.75
2020-04-27,21.2,6.8,14.2,0.0,13.5,63,1007.8,50.5,2.75
2020-04-28,16.4,9.7,12.1,6.9,24.7,80,1004.0,50.5,2.75
2020-04-29,16.1,9.9,12.0,4.0,30.0,78,1004.6,50.5,2.75
2020-04-30,14.2,7.9,10.8,4.5,31.9,74,999.8,50.5,2.75
2020-05-01,14.1,7.7,10.5,1.8,32.4,76,1001.2,50.5,2.75
2020-05-02,14.4,7.7,10.6,0.4,21.0,68,1010.5,50.5,2.75
2020-05-03,14.4,4.4,10.1,0.2,12.4,79,1016.7,50.5,2.75
2020-05-04,15.4,9.2,12.3,0.2,17.9,80,1017.9,50.5,2.75
2020-05-05,15.0,6.8,11.0,0.0,22.6,60,1019.8,50.5,2.75
2020-05-06,17.8,6.1,11.6,0.0,12.0,58,1024.0,50.5,2.75
2020-05-07,19.9,4.9,12.9,0.0,11.0,66,1023.4,50.5,2.75
2020-05-08,21.8,10.4,15.8,0.0,10.1,60,1018.1,50.5,2.75
2020-05-09,23.9,9.1,16.9,0.0,12.8,63,1011.9,50.5,2.75
2020-05-10,18.2,9.2,14.7,8.4,27.7,86,1006.7,50.5,2.75
2020-05-11,11.6,6.8,9.0,0.2,39.5,52,1014.1,50.5,2.75
2020-05-12,11.9,2.2,7.8,0.0,17.9,62,1020.0,50.5,2.75
2020-05-13,12.2,2.8,8.1,0.1,26.7,63,1015.0,50.5,2.75
2020-05-14,13.4,3.3,8.3,0.0,27.6,55,1019.8,50.5,2.75
2020-05-15,15.5,2.9,9.4,0.0,18.8,60,1022.6,50.5,2.75
2020-05-16,16.1,3.0,10.8,0.0,18.7,62,1024.1,50.5,2.75
2020-05-17,18.2,5.8,12.5,0.0,16.7,63,1024.7,50.5,2.75
2020-05-18,20.4,9.4,14.2,0.0,19.1,64,1024.5,50.5,2.75
2020-05-19,22.9,9.3,15.8,0.0,16.1,68,1023.4,50.5,2.75
2020-05-20,23.7,10.7,18.0,0.0,11.5,70,1022.6,50.5,2.75
2020-05-21,26.8,12.6,20.5,0.0,11.2,64,1020.2,50.5,2.75
2020-05-22,21.0,13.6,18.1,3.1,26.3,65,1018.6,50.5,2.75
2020-05-23,16.8,11.7,14.1,0.5,35.6,63,1024.4,50.5,2.75
2020-05-24,18.0,10.4,14.1,0.0,27.4,70,1030.7,50.5,2.75
2020-05-25,21.8,9.3,15.9,0.0,14.9,69,1034.4,50.5,2.75
2020-05-26,23.6,10.7,17.4,0.0,16.5,62,1035.2,50.5,2.75
2020-05-27,22.0,9.9,16.3,0.0,20.8,62,1034.8,50.5,2.75
2020-05-28,21.4,10.6,15.7,0.0,19.8,60,1032.5,50.5,2.75
2020-05-29,22.4,9.8,16.4,0.0,18.1,50,1027.0,50.5,2.75
2020-05-30,23.5,8.9,17.1,0.0,16.4,56,1022.0,50.5,2.75
2020-05-31,23.1,11.8,18.0,0.0,22.3,44,1021.0,50.5,2.75
2020-06-01,25.9,9.9,18.7,0.0,18.5,52,1020.5,50.5,2.75
2020-06-02,25.7,12.2,19.5,0.0,17.4,55,1017.5,50.5,2.75
2020-06-03,21.1,12.0,16.7,0.0,19.9,65,1007.7,50.5,2.75
2020-06-04,15.2,11.4,13.5,0.7,24.1,72,1001.2,50.5,2.75
2020-06-05,16.5,10.4,12.5,5.2,32.7,72,997.4,50.5,2.75
2020-06-06,15.0,9.4,12.1,0.6,40.4,65,1000.8,50.5,2.75
2020-06-07,18.2,8.8,13.7,3.1,22.6,71,1007.7,50.5,2.75
2020-06-08,15.4,9.6,12.6,2.9,24.2,83,1016.1,50.5,2.75
2020-06-09,16.0,9.2,12.6,1.0,15.2,72,1019.5,50.5,2.75
2020-06-10,18.2,5.8,12.7,0.0,15.1,67,1016.5,50.5,2.75
2020-06-11,20.4,9.2,15.8,1.3,20.7,74,1010.2,50.5,2.75
2020-06-12,19.6,12.8,16.6,2.3,24.3,77,1005.8,50.5,2.75
2020-06-13,23.0,12.3,18.3,0.2,17.1,70,1009.4,50.5,2.75
2020-06-14,21.5,13.4,18.1,0.0,15.5,66,1014.9,50.5,2.75
2020-06-15,22.3,13.4,17.9,1.8,11.9,75,1016.6,50.5,2.75
2020-06-16,20.7,12.7,17.3,7.2,14.2,81,1015.2,50.5,2.75
2020-06-17,19.9,12.4,16.7,3.8,12.4,86,1012.5,50.5,2.75
2020-06-18,19.9,13.9,16.8,6.1,12.7,79,1011.2,50.5,2.75
2020-06-19,19.0,12.6,16.0,0.8,21.3,75,1016.3,50.5,2.75
2020-06-20,21.5,12.0,17.0,0.3,9.2,71,1021.1,50.5,2.75
2020-06-21,20.4,13.1,16.8,1.0,26.0,76,1019.7,50.5,2.75
2020-06-22,20.9,12.1,16.5,0.0,17.0,67,1025.7,50.5,2.75
2020-06-23,26.2,11.4,19.6,0.0,14.3,64,1024.7,50.5,2.75
2020-06-24,29.9,14.8,23.2,0.0,18.9,57,1020.4,50.5,2.75
2020-06-25,29.8,15.9,24.0,0.0,17.1,52,1016.1,50.5,2.75
2020-06-26,27.0,19.4,23.4,1.5,16.5,63,1010.8,50.5,2.75
2020-06-27,22.1,16.0,18.8,3.2,36.9,77,1009.4,50.5,2.75
2020-06-28,20.1,14.5,16.8,0.2,30.1,63,1013.0,50.5,2.75
2020-06-29,18.2,12.9,15.7,0.0,37.6,62,1013.2,50.5,2.75
2020-06-30,19.8,13.1,16.4,2.4,27.7,79,1010.4,50.5,2.75
2020-07-01,19.7,14.9,17.8,17.8,27.1,80,1007.9,50.5,2.75
2020-07-02,19.1,13.9,16.6,0.0,27.7,71,1012.2,50.5,2.75
2020-07-03,19.9,13.4,16.6,0.0,28.7,73,1018.0,50.5,2.75
2020-07-04,20.5,15.0,17.8,5.6,32.4,79,1015.7,50.5,2.75
2020-07-05,19.8,13.8,17.5,0.4,37.7,78,1013.9,50.5,2.75
2020-07-06,18.3,12.8,15.6,0.3,26.9,64,1018.7,50.5,2.75
2020-07-07,20.4,12.1,16.1,1.5,20.0,71,1021.0,50.5,2.75
2020-07-08,18.2,13.7,15.9,2.8,26.1,85,1016.5,50.5,2.75
2020-07-09,22.7,15.7,18.6,1.5,29.9,78,1014.3,50.5,2.75
2020-07-10,18.5,13.1,16.3,2.2,22.0,76,1015.3,50.5,2.75
2020-07-11,20.0,10.6,15.1,0.2,20.5,67,1025.1,50.5,2.75
2020-07-12,21.5,8.4,15.4,0.0,18.0,69,1027.9,50.5,2.75
2020-07-13,24.5,9.4,17.2,0.0,18.0,64,1023.9,50.5,2.75
2020-07-14,20.5,13.6,16.6,5.5,19.6,75,1016.7,50.5,2.75
2020-07-15,19.9,14.4,16.7,2.3,14.8,78,1015.5,50.5,2.75
2020-07-16,18.1,15.1,16.7,0.5,18.8,78,1019.0,50.5,2.75
2020-07-17,23.9,15.3,19.6,0.2,11.1,73,1021.2,50.5,2.75
2020-07-18,23.5,13.9,18.4,0.0,16.6,75,1019.4,50.5,2.75
2020-07-19,24.0,12.4,17.5,1.3,18.9,78,1017.2,50.5,2.75
2020-07-20,21.0,12.6,16.7,0.8,19.6,67,1021.2,50.5,2.75
2020-07-21,21.2,9.4,15.6,0.0,18.0,64,1025.1,50.5,2.75
2020-07-22,21.6,8.8,15.9,0.0,15.1,63,1024.2,50.5,2.75
2020-07-23,23.2,10.1,17.7,0.0,15.9,60,1018.0,50.5,2.75
2020-07-24,22.5,15.1,18.6,0.9,20.5,73,1013.7,50.5,2.75
2020-07-25,23.0,15.6,19.1,8.6,24.3,79,1011.3,50.5,2.75
2020-07-26,21.4,15.1,18.0,6.0,26.8,76,1011.8,50.5,2.75
2020-07-27,26.9,14.6,20.1,2.5,26.3,65,1011.5,50.5,2.75
2020-07-28,20.3,15.0,18.0,0.1,27.2,68,1013.9,50.5,2.75
2020-07-29,22.6,11.6,17.4,0.0,15.8,66,1020.2,50.5,2.75
2020-07-30,27.5,12.6,20.2,0.0,11.2,59,1019.4,50.5,2.75
2020-07-31,35.9,14.9,24.7,0.0,21.7,50,1014.0,50.5,2.75
2020-08-01,25.0,17.5,21.0,0.0,20.9,69,1015.7,50.5,2.75
2020-08-02,22.0,15.1,18.2,0.0,20.2,66,1016.8,50.5,2.75
2020-08-03,20.0,13.7,16.5,2.5,19.4,76,1015.0,50.5,2.75
2020-08-04,22.5,9.9,16.6,0.0,15.8,68,1017.5,50.5,2.75
2020-08-05,28.4,13.6,20.5,0.0,19.7,55,1015.6,50.5,2.75
2020-08-06,31.1,13.9,22.4,0.0,10.5,59,1017.7,50.5,2.75
2020-08-07,33.2,17.6,25.6,0.0,10.7,50,1018.5,50.5,2.75
2020-08-08,34.2,19.4,26.8,0.3,10.7,53,1018.2,50.5,2.75
2020-08-09,33.5,20.9,27.4,0.0,18.8,51,1016.1,50.5,2.75
2020-08-10,31.6,21.6,26.9,0.0,12.4,53,1013.7,50.5,2.75
2020-08-11,33.0,20.5,26.8,0.0,13.7,58,1013.8,50.5,2.75
2020-08-12,31.0,20.2,26.0,0.0,11.2,65,1013.0,50.5,2.75
2020-08-13,29.5,20.5,24.7,0.6,12.9,69,1011.5,50.5,2.75
2020-08-14,23.9,18.6,20.7,4.5,19.1,86,1012.9,50.5,2.75
2020-08-15,24.0,17.5,20.5,4.8,8.9,87,1014.3,50.5,2.75
2020-08-16,25.6,16.6,19.6,18.2,13.7,91,1010.7,50.5,2.75
2020-08-17,22.1,15.6,18.4,4.9,19.8,82,1009.3,50.5,2.75
2020-08-18,23.5,15.4,19.0,0.1,17.3,75,1011.0,50.5,2.75
2020-08-19,23.7,16.2,19.9,3.5,24.2,79,1007.3,50.5,2.75
2020-08-20,29.1,19.4,23.2,1.7,19.9,79,1005.1,50.5,2.75
2020-08-21,25.4,20.0,23.2,0.2,29.6,61,1007.7,50.5,2.75
2020-08-22,20.8,16.8,18.8,0.8,30.0,71,1015.2,50.5,2.75
2020-08-23,19.5,15.1,17.2,2.5,24.5,77,1017.5,50.5,2.75
2020-08-24,20.7,14.5,17.0,0.6,22.4,76,1017.0,50.5,2.75
2020-08-25,21.9,14.1,17.3,3.5,35.8,81,1008.5,50.5,2.75
2020-08-26,20.6,15.6,17.8,0.1,39.7,71,1012.0,50.5,2.75
2020-08-27,21.1,13.8,17.0,8.9,30.2,80,1013.7,50.5,2.75
2020-08-28,19.7,13.8,16.6,3.3,27.6,76,1002.1,50.5,2.75
2020-08-29,15.9,12.1,13.9,3.3,20.5,87,1004.4,50.5,2.75
2020-08-30,17.0,11.4,14.9,9.4,24.6,86,1012.1,50.5,2.75
2020-08-31,17.2,11.1,14.3,0.0,11.9,76,1020.3,50.5,2.75
2020-09-01,17.9,10.5,14.0,0.0,15.9,75,1020.2,50.5,2.75
2020-09-02,19.1,7.8,14.1,0.0,10.0,73,1019.9,50.5,2.75
2020-09-03,21.2,13.8,18.0,0.7,28.7,74,1019.0,50.5,2.75
2020-09-04,21.0,15.4,18.3,0.0,18.4,76,1021.4,50.5,2.75
2020-09-05,18.8,13.8,16.0,0.9,17.8,70,1020.6,50.5,2.75
2020-09-06,18.5,9.5,14.4,0.1,10.7,71,1021.0,50.5,2.75
2020-09-07,20.2,10.1,15.2,0.1,17.0,77,1024.2,50.5,2.75
2020-09-08,20.2,15.1,17.8,0.1,15.3,82,1025.7,50.5,2.75
2020-09-09,23.6,16.7,19.5,0.0,19.4,83,1023.0,50.5,2.75
2020-09-10,21.1,15.2,18.1,0.0,14.8,69,1022.1,50.5,2.75
2020-09-11,22.0,10.6,16.1,0.0,12.2,73,1017.9,50.5,2.75
2020-09-12,20.5,11.8,16.1,0.0,18.4,74,1020.5,50.5,2.75
2020-09-13,23.4,12.7,17.6,0.0,14.7,77,1025.0,50.5,2.75
2020-09-14,29.5,10.8,19.8,0.0,11.4,70,1022.2,50.5,2.75
2020-09-15,31.2,15.9,22.9,0.0,12.8,63,1018.3,50.5,2.75
2020-09-16,26.2,15.2,20.1,0.0,21.8,74,1020.8,50.5,2.75
2020-09-17,20.3,12.5,16.5,0.0,20.7,63,1026.1,50.5,2.75
2020-09-18,23.9,9.7,16.6,0.0,18.6,58,1021.1,50.5,2.75
2020-09-19,27.4,15.0,20.4,0.0,16.3,61,1015.6,50.5,2.75
2020-09-20,25.1,15.0,19.6,1.8,15.2,64,1016.0,50.5,2.75
2020-09-21,22.7,8.7,15.4,0.0,10.8,72,1016.4,50.5,2.75
2020-09-22,23.5,11.4,16.4,0.0,11.9,74,1011.5,50.5,2.75
2020-09-23,20.9,14.8,17.3,4.9,29.2,81,1004.0,50.5,2.75
2020-09-24,16.6,10.4,13.5,5.7,33.5,74,1000.2,50.5,2.75
2020-09-25,12.8,8.4,10.5,3.3,37.6,75,998.4,50.5,2.75
2020-09-26,12.0,8.8,10.5,13.6,38.0,79,1004.6,50.5,2.75
2020-09-27,16.8,11.6,14.2,22.1,36.8,90,1004.2,50.5,2.75
2020-09-28,15.2,13.0,14.6,10.1,25.0,88,1010.6,50.5,2.75
2020-09-29,18.8,11.4,14.4,1.1,17.7,86,1015.9,50.5,2.75
2020-09-30,18.5,12.9,15.5,0.1,21.7,84,1012.3,50.5,2.75
2020-10-01,15.5,9.7,13.8,5.6,25.0,81,1000.2,50.5,2.75
2020-10-02,14.2,9.4,12.1,12.8,27.9,89,989.8,50.5,2.75
2020-10-03,13.9,9.4,11.9,2.3,18.4,86,988.0,50.5,2.75
2020-10-04,14.7,9.2,11.6,7.1,38.0,78,987.9,50.5,2.75
2020-10-05,15.9,9.6,12.5,8.7,33.9,86,996.2,50.5,2.75
2020-10-06,14.6,11.6,12.9,3.0,33.6,85,1000.5,50.5,2.75
2020-10-07,14.9,10.4,12.4,0.1,24.3,78,1012.3,50.5,2.75
2020-10-08,17.9,12.1,14.9,4.8,43.0,85,1014.7,50.5,2.75
2020-10-09,15.4,11.1,12.9,2.3,21.6,82,1018.6,50.5,2.75
2020-10-10,13.1,6.7,10.1,0.7,23.8,76,1021.8,50.5,2.75
2020-10-11,12.6,7.7,9.9,1.5,20.6,87,1022.7,50.5,2.75
2020-10-12,13.4,8.1,10.2,1.0,14.4,82,1021.3,50.5,2.75
2020-10-13,10.2,8.9,9.5,12.0,23.6,91,1010.2,50.5,2.75
2020-10-14,11.7,5.9,9.3,0.8,20.9,84,1017.2,50.5,2.75
2020-10-15,11.6,6.9,8.8,0.0,21.6,74,1021.1,50.5,2.75
2020-10-16,11.1,4.9,8.5,0.0,15.3,78,1023.1,50.5,2.75
2020-10-17,11.2,4.1,8.5,0.0,6.9,82,1021.8,50.5,2.75
2020-10-18,12.8,7.3,9.6,0.0,12.7,87,1023.2,50.5,2.75
2020-10-19,14.1,7.2,10.3,0.0,21.3,78,1019.5,50.5,2.75
2020-10-20,17.5,9.6,12.9,2.2,26.4,80,1007.2,50.5,2.75
2020-10-21,20.4,13.0,15.9,10.3,46.9,79,1000.9,50.5,2.75
2020-10-22,16.9,10.1,13.5,0.2,20.9,82,1010.6,50.5,2.75
2020-10-23,17.2,8.9,12.8,0.0,21.3,85,1010.9,50.5,2.75
2020-10-24,16.5,11.8,14.2,0.3,38.4,80,1009.2,50.5,2.75
2020-10-25,15.5,9.6,12.8,5.7,40.7,79,1000.6,50.5,2.75
2020-10-26,12.1,7.1,9.4,0.0,34.1,81,1000.7,50.5,2.75
2020-10-27,12.7,8.2,10.2,3.2,34.0,88,1002.7,50.5,2.75
2020-10-28,13.2,9.8,11.1,10.7,32.5,84,1006.2,50.5,2.75
2020-10-29,13.9,9.9,11.7,4.0,27.9,86,1014.8,50.5,2.75
2020-10-30,16.5,13.7,14.7,0.0,32.0,79,1019.8,50.5,2.75
2020-10-31,16.1,11.2,13.6,4.5,30.1,83,1017.4,50.5,2.75
2020-11-01,18.9,10.9,14.9,5.2,33.2,85,1010.1,50.5,2.75
2020-11-02,18.1,11.4,15.7,2.8,34.6,80,1009.2,50.5,2.75
2020-11-03,11.2,6.9,9.1,0.0,34.9,75,1021.5,50.5,2.75
2020-11-04,10.6,2.7,6.8,0.0,15.8,84,1031.9,50.5,2.75
2020-11-05,9.9,1.1,4.9,0.0,11.0,92,1038.5,50.5,2.75
2020-11-06,11.1,-0.2,4.6,0.0,14.6,83,1031.0,50.5,2.75
2020-11-07,15.4,3.7,9.0,0.0,13.9,89,1021.8,50.5,2.75
2020-11-08,16.8,7.8,12.1,0.0,19.2,89,1020.0,50.5,2.75
2020-11-09,16.9,10.1,12.6,0.0,11.8,91,1021.2,50.5,2.75
2020-11-10,13.7,8.6,11.0,0.2,9.6,94,1024.5,50.5,2.75
2020-11-11,12.9,6.9,10.0,0.0,24.6,92,1022.8,50.5,2.75
2020-11-12,12.8,8.1,10.8,3.5,27.8,82,1016.7,50.5,2.75
2020-11-13,14.5,7.2,10.9,2.5,24.5,89,1015.5,50.5,2.75
2020-11-14,14.6,10.8,12.7,0.9,28.8,84,1013.5,50.5,2.75
2020-11-15,15.1,9.6,12.8,11.6,40.6,78,1003.4,50.5,2.75
2020-11-16,12.7,9.1,10.8,6.4,28.1,81,1013.5,50.5,2.75
2020-11-17,13.2,10.8,11.9,0.1,23.4,80,1023.9,50.5,2.75
2020-11-18,15.1,8.8,12.0,0.1,25.6,79,1020.8,50.5,2.75
2020-11-19,13.9,7.1,9.8,1.1,26.5,76,1024.4,50.5,2.75
2020-11-20,7.8,1.5,5.5,0.0,16.3,79,1035.2,50.5,2.75
2020-11-21,11.4,7.4,9.5,0.0,23.6,79,1030.4,50.5,2.75
2020-11-22,11.2,9.6,10.3,1.9,20.5,87,1027.0,50.5,2.75
2020-11-23,10.1,7.8,9.0,0.5,8.7,91,1028.1,50.5,2.75
2020-11-24,9.4,6.1,7.3,0.0,21.0,91,1022.1,50.5,2.75
2020-11-25,10.9,4.4,7.5,0.0,20.9,88,1015.7,50.5,2.75
2020-11-26,9.7,4.6,7.0,0.0,13.6,93,1020.1,50.5,2.75
2020-11-27,6.9,3.4,5.3,0.0,9.9,98,1018.9,50.5,2.75
2020-11-28,9.6,1.6,4.6,0.0,11.1,93,1018.5,50.5,2.75
2020-11-29,3.8,0.4,2.5,0.0,11.0,96,1025.1,50.5,2.75
2020-11-30,9.7,0.9,4.9,2.4,23.1,91,1024.9,50.5,2.75
2020-12-01,9.8,6.1,7.8,2.0,26.6,79,1020.0,50.5,2.75
2020-12-02,7.9,5.1,6.4,0.5,18.1,90,1017.9,50.5,2.75
2020-12-03,7.0,5.6,6.1,5.2,31.0,91,997.0,50.5,2.75
2020-12-04,7.9,2.5,5.5,3.1,42.6,81,980.0,50.5,2.75
2020-12-05,5.4,1.6,3.4,1.3,21.2,84,993.3,50.5,2.75
2020-12-06,4.7,-0.9,1.9,1.5,16.2,93,1000.2,50.5,2.75
2020-12-07,3.0,-0.8,0.8,0.0,12.4,96,999.4,50.5,2.75
2020-12-08,2.4,-2.3,-0.3,0.0,8.5,97,1003.3,50.5,2.75
2020-12-09,5.2,-0.8,1.9,0.3,16.8,95,1008.4,50.5,2.75
2020-12-10,5.8,2.2,3.6,0.0,21.7,89,1004.0,50.5,2.75
2020-12-11,9.5,4.2,6.7,9.0,23.3,90,991.1,50.5,2.75
2020-12-12,9.4,6.6,7.7,1.8,17.6,93,996.9,50.5,2.75
2020-12-13,7.7,3.2,5.4,0.3,29.9,90,1007.7,50.5,2.75
2020-12-14,11.7,8.1,10.1,2.5,29.6,90,1004.3,50.5,2.75
2020-12-15,11.4,6.4,9.0,0.7,18.6,91,1008.5,50.5,2.75
2020-12-16,9.4,5.9,7.8,1.6,24.7,93,1012.7,50.5,2.75
2020-12-17,10.1,6.9,8.6,3.2,20.9,88,1017.0,50.5,2.75
2020-12-18,10.6,6.9,8.3,0.0,25.5,88,1017.9,50.5,2.75
2020-12-19,11.2,7.4,9.3,0.4,28.2,85,1011.1,50.5,2.75
2020-12-20,9.9,6.5,8.1,0.0,20.8,87,1016.2,50.5,2.75
2020-12-21,14.0,5.7,9.3,8.6,33.5,91,1013.3,50.5,2.75
2020-12-22,13.8,10.9,12.7,4.2,34.2,89,1012.8,50.5,2.75
2020-12-23,13.7,9.0,11.8,7.7,26.7,85,1009.0,50.5,2.75
2020-12-24,8.4,3.3,6.0,6.6,30.8,87,1013.4,50.5,2.75
2020-12-25,5.2,2.7,3.8,3.2,26.2,91,1026.5,50.5,2.75
2020-12-26,6.6,0.9,3.8,0.0,31.2,86,1022.4,50.5,2.75
2020-12-27,8.1,3.0,6.1,13.9,46.7,87,985.8,50.5,2.75
2020-12-28,5.8,0.3,3.1,0.2,17.3,91,975.4,50.5,2.75
2020-12-29,5.0,-2.1,2.6,0.6,13.4,93,987.7,50.5,2.75
2020-12-30,5.8,1.0,3.1,0.4,18.0,89,1001.8,50.5,2.75
2020-12-31,4.6,0.0,2.6,2.0,15.7,93,1003.4,50.5,2.75
2021-01-01,3.3,-1.5,0.6,0.0,10.9,90,1010.1,50.5,2.75
2021-01-02,4.9,-1.8,1.6,0.3,10.9,93,1014.2,50.5,2.75
2021-01-03,3.2,-0.2,1.6,0.0,14.9,96,1015.5,50.5,2.75
2021-01-04,2.5,0.6,1.7,1.9,20.1,93,1016.1,50.5,2.75
2021-01-05,2.5,1.6,2.0,1.0,17.7,93,1016.8,50.5,2.75
2021-01-06,3.0,-0.2,2.1,0.1,12.0,95,1017.3,50.5,2.75
2021-01-07,3.3,0.3,1.8,3.4,18.4,93,1016.5,50.5,2.75
2021-01-08,3.3,-1.0,0.3,0.0,12.3,89,1017.7,50.5,2.75
2021-01-09,1.2,-2.7,-1.2,0.0,7.1,97,1024.7,50.5,2.75
2021-01-10,2.2,-2.8,-0.1,0.0,7.6,95,1026.2,50.5,2.75
2021-01-11,7.8,0.6,4.7,0.0,27.4,90,1020.7,50.5,2.75
2021-01-12,9.0,2.3,7.0,13.5,34.4,90,1013.1,50.5,2.75
2021-01-13,6.9,0.2,3.4,3.7,12.4,94,1018.9,50.5,2.75
2021-01-14,5.4,0.9,2.8,27.8,23.5,95,1016.5,50.5,2.75
2021-01-15,2.0,-3.1,-0.5,0.1,19.9,84,1027.7,50.5,2.75
2021-01-16,4.1,-3.1,-0.3,7.2,25.3,85,1024.2,50.5,2.75
2021-01-17,6.3,2.8,4.3,1.7,23.4,89,1021.3,50.5,2.75
2021-01-18,6.2,1.2,3.8,0.0,21.5,89,1024.2,50.5,2.75
2021-01-19,9.4,4.8,7.2,5.5,36.0,87,1011.1,50.5,2.75
2021-01-20,10.2,6.8,8.4,3.7,37.8,76,997.3,50.5,2.75
2021-01-21,10.7,5.4,7.9,9.6,45.6,79,988.4,50.5,2.75
2021-01-22,7.2,2.2,4.2,1.6,27.0,88,992.9,50.5,2.75
2021-01-23,4.1,1.0,2.8,2.4,19.9,92,995.2,50.5,2.75
2021-01-24,2.4,-2.8,0.7,2.0,24.9,88,998.2,50.5,2.75
2021-01-25,4.7,-0.2,1.7,0.4,17.0,87,1005.3,50.5,2.75
2021-01-26,4.9,0.4,2.4,0.3,21.4,81,1018.5,50.5,2.75
2021-01-27,9.2,1.8,5.8,5.8,25.7,90,1012.8,50.5,2.75
2021-01-28,12.1,7.8,10.1,12.9,38.2,92,1004.8,50.5,2.75
2021-01-29,10.8,7.7,9.2,14.0,35.5,89,999.3,50.5,2.75
2021-01-30,8.3,2.2,5.6,10.3,22.8,93,998.6,50.5,2.75
2021-01-31,4.6,-1.2,1.8,5.4,21.8,89,998.4,50.5,2.75
2021-02-01,6.1,4.2,4.8,0.8,16.4,94,994.4,50.5,2.75
2021-02-02,12.2,4.3,8.7,6.4,27.1,89,999.4,50.5,2.75
2021-02-03,12.0,7.5,9.5,9.5,27.4,86,997.4,50.5,2.75
2021-02-04,9.5,3.5,6.7,0.4,20.3,91,1010.9,50.5,2.75
2021-02-05,9.6,4.2,6.8,0.2,15.3,92,1010.5,50.5,2.75
2021-02-06,8.6,3.8,6.1,6.1,21.7,94,1006.3,50.5,2.75
2021-02-07,2.3,-3.5,-1.1,3.1,20.0,85,998.7,50.5,2.75
2021-02-08,-2.9,-5.2,-3.8,1.3,17.9,77,1000.1,50.5,2.75
2021-02-09,-1.8,-7.3,-4.9,0.0,25.6,65,1006.0,50.5,2.75
2021-02-10,-1.2,-6.7,-4.2,0.0,22.7,67,1013.1,50.5,2.75
2021-02-11,0.5,-6.6,-3.8,0.0,19.8,72,1027.4,50.5,2.75
2021-02-12,-0.6,-5.8,-3.8,0.0,26.6,61,1030.2,50.5,2.75
2021-02-13,1.4,-6.6,-3.4,0.0,26.9,45,1034.8,50.5,2.75
2021-02-14,3.5,-4.0,-0.7,0.0,31.4,38,1032.2,50.5,2.75
2021-02-15,8.3,1.6,4.4,6.1,28.8,80,1023.5,50.5,2.75
2021-02-16,11.5,5.0,7.9,3.7,27.5,83,1015.4,50.5,2.75
2021-02-17,12.6,6.4,9.1,0.0,33.6,82,1015.5,50.5,2.75
2021-02-18,12.9,5.5,8.7,4.7,29.8,78,1008.7,50.5,2.75
2021-02-19,11.1,2.8,6.8,0.0,25.2,85,1013.9,50.5,2.75
2021-02-20,16.6,8.8,12.4,0.0,27.8,70,1009.5,50.5,2.75
2021-02-21,15.9,8.1,11.8,0.0,22.4,68,1011.1,50.5,2.75
2021-02-22,14.6,7.7,11.0,0.8,20.9,73,1016.4,50.5,2.75
2021-02-23,16.5,9.7,12.7,0.4,29.9,78,1027.0,50.5,2.75
2021-02-24,18.0,10.6,13.7,0.0,25.0,70,1027.5,50.5,2.75
2021-02-25,14.9,8.4,11.6,0.6,15.2,79,1026.7,50.5,2.75
2021-02-26,10.3,1.9,7.4,1.1,15.7,83,1035.4,50.5,2.75
2021-02-27,8.1,-0.2,3.5,0.0,15.3,89,1040.3,50.5,2.75
2021-02-28,10.6,1.8,5.4,0.0,21.3,83,1036.4,50.5,2.75
2021-03-01,11.5,-0.2,5.4,0.0,14.1,82,1031.6,50.5,2.75
2021-03-02,14.7,-0.6,6.1,0.0,11.6,83,1029.1,50.5,2.75
2021-03-03,16.0,2.8,9.0,2.3,11.2,83,1027.9,50.5,2.75
2021-03-04,7.3,4.1,5.3,5.2,16.2,93,1023.1,50.5,2.75
2021-03-05,5.8,-0.3,3.6,0.0,20.4,67,1028.6,50.5,2.75
2021-03-06,7.0,-3.5,1.3,0.0,16.8,71,1032.8,50.5,2.75
2021-03-07,6.3,-4.3,0.9,0.0,12.6,76,1026.9,50.5,2.75
2021-03-08,7.8,-2.5,2.9,0.0,8.7,71,1024.1,50.5,2.75
2021-03-09,10.1,3.2,5.9,0.8,15.5,78,1020.5,50.5,2.75
2021-03-10,8.5,2.7,5.6,1.2,34.6,77,1015.0,50.5,2.75
2021-03-11,11.6,6.7,9.5,1.1,49.8,76,1001.0,50.5,2.75
2021-03-12,9.1,5.5,6.8,1.8,39.3,78,1006.7,50.5,2.75
2021-03-13,9.4,4.6,7.0,6.8,47.8,76,998.7,50.5,2.75
2021-03-14,9.5,3.2,6.4,2.7,29.1,75,1011.7,50.5,2.75
2021-03-15,9.9,3.9,7.4,3.4,28.7,80,1017.8,50.5,2.75
2021-03-16,9.2,2.4,5.9,3.7,31.1,89,1025.6,50.5,2.75
2021-03-17,8.4,4.6,6.6,4.1,34.9,84,1028.8,50.5,2.75
2021-03-18,7.3,3.5,5.3,4.8,20.7,92,1026.5,50.5,2.75
2021-03-19,8.4,2.3,5.0,0.5,25.7,76,1025.1,50.5,2.75
2021-03-20,9.2,1.1,4.7,0.0,15.1,80,1030.2,50.5,2.75
2021-03-21,9.1,4.1,6.7,0.0,22.4,78,1026.8,50.5,2.75
2021-03-22,8.8,0.7,5.1,0.0,10.3,80,1027.0,50.5,2.75
2021-03-23,11.1,2.8,6.5,0.0,12.3,79,1026.1,50.5,2.75
2021-03-24,14.4,1.9,7.5,0.0,14.9,77,1022.6,50.5,2.75
2021-03-25,12.1,5.6,8.4,4.0,17.2,79,1021.0,50.5,2.75
2021-03-26,13.4,5.3,8.9,3.9,27.8,73,1015.7,50.5,2.75
2021-03-27,9.5,4.8,6.9,1.7,30.7,71,1021.7,50.5,2.75
2021-03-28,12.9,5.3,9.1,0.0,26.0,71,1027.3,50.5,2.75
2021-03-29,17.6,6.9,11.4,0.0,18.1,65,1029.1,50.5,2.75
2021-03-30,21.5,3.6,12.4,0.0,12.3,70,1028.8,50.5,2.75
2021-03-31,22.5,6.3,14.2,0.0,10.2,72,1022.0,50.5,2.75
2021-04-01,18.2,5.9,12.4,0.0,20.6,73,1021.9,50.5,2.75
2021-04-02,9.4,2.5,5.9,0.0,26.1,77,1027.2,50.5,2.75
2021-04-03,9.0,4.7,6.6,0.0,24.2,69,1029.2,50.5,2.75
2021-04-04,9.2,2.1,5.5,0.0,14.8,76,1026.1,50.5,2.75
2021-04-05,7.7,0.4,4.6,0.7,26.5,71,1016.4,50.5,2.75
2021-04-06,5.6,0.3,2.7,0.0,27.2,57,1018.4,50.5,2.75
2021-04-07,7.1,-0.6,3.0,0.0,25.9,58,1022.2,50.5,2.75
2021-04-08,9.4,0.8,5.3,0.0,12.1,59,1023.7,50.5,2.75
2021-04-09,13.0,3.0,7.8,0.0,14.4,68,1014.8,50.5,2.75
2021-04-10,7.7,4.1,6.3,11.5,14.3,88,1011.1,50.5,2.75
2021-04-11,7.7,0.8,5.0,1.3,25.9,74,1015.6,50.5,2.75
2021-04-12,7.3,-0.8,2.9,0.5,17.7,77,1028.1,50.5,2.75
2021-04-13,9.6,-3.3,3.8,0.0,9.7,64,1033.1,50.5,2.75
2021-04-14,8.9,0.3,5.0,0.2,21.4,67,1031.7,50.5,2.75
2021-04-15,8.9,-1.8,4.3,1.3,15.3,76,1031.1,50.5,2.75
2021-04-16,9.6,-1.1,5.0,0.0,17.2,72,1029.3,50.5,2.75
2021-04-17,11.1,1.7,6.3,0.0,18.7,72,1027.3,50.5,2.75
2021-04-18,12.2,1.2,6.3,0.0,12.4,77,1024.4,50.5,2.75
2021-04-19,13.4,-0.1,6.8,0.1,10.8,80,1021.5,50.5,2.75
2021-04-20,14.8,1.7,8.8,0.3,9.4,79,1017.9,50.5,2.75
2021-04-21,15.1,4.9,9.1,0.5,21.8,80,1019.0,50.5,2.75
2021-04-22,12.7,1.5,7.2,0.0,18.7,66,1025.8,50.5,2.75
2021-04-23,14.6,1.2,7.8,0.0,17.0,69,1028.5,50.5,2.75
2021-04-24,14.6,3.6,9.2,0.0,22.0,64,1026.5,50.5,2.75
2021-04-25,11.9,3.3,7.5,0.0,23.9,63,1026.3,50.5,2.75
2021-04-26,14.2,1.8,7.7,0.0,19.5,67,1019.8,50.5,2.75
2021-04-27,15.7,1.4,8.7,0.0,12.1,65,1010.2,50.5,2.75
2021-04-28,16.6,4.0,10.2,1.6,15.6,64,1003.8,50.5,2.75
2021-04-29,10.3,3.2,7.4,3.2,20.4,79,1008.3,50.5,2.75
2021-04-30,11.8,0.8,6.7,0.2,11.6,70,1014.2,50.5,2.75
2021-05-01,11.4,1.5,6.7,0.9,14.8,73,1015.5,50.5,2.75
2021-05-02,11.3,2.4,6.8,0.7,14.7,75,1020.1,50.5,2.75
2021-05-03,14.6,4.1,9.6,0.0,27.4,63,1017.9,50.5,2.75
2021-05-04,12.4,7.8,10.6,1.6,46.0,63,1002.3,50.5,2.75
2021-05-05,10.9,5.1,8.1,0.8,24.4,62,1008.3,50.5,2.75
2021-05-06,10.1,4.6,7.5,2.9,19.8,77,1007.6,50.5,2.75
2021-05-07,13.1,4.0,8.1,0.1,16.4,67,1015.2,50.5,2.75
2021-05-08,19.4,5.0,11.9,3.2,36.9,68,1011.1,50.5,2.75
2021-05-09,24.1,10.8,17.2,3.5,29.5,71,1001.2,50.5,2.75
2021-05-10,17.8,11.9,15.2,6.8,29.2,70,1003.1,50.5,2.75
2021-05-11,17.1,7.5,12.6,0.4,17.3,73,1008.8,50.5,2.75
2021-05-12,15.4,7.3,11.9,0.3,13.0,69,1010.9,50.5,2.75
2021-05-13,13.7,7.4,11.3,3.9,14.7,74,1007.2,50.5,2.75
2021-05-14,14.6,5.4,9.9,1.1,16.9,83,1007.9,50.5,2.75
2021-05-15,14.1,5.1,9.6,5.0,28.2,86,1003.8,50.5,2.75
2021-05-16,15.4,8.5,11.4,2.3,24.7,78,1001.3,50.5,2.75
2021-05-17,15.2,9.9,11.9,6.2,27.3,81,1004.5,50.5,2.75
2021-05-18,14.9,8.9,11.7,9.4,20.2,80,1013.8,50.5,2.75
2021-05-19,13.4,7.9,10.8,6.7,21.1,82,1017.2,50.5,2.75
2021-05-20,14.9,6.6,11.7,1.2,29.7,75,1018.0,50.5,2.75
2021-05-21,15.2,10.6,12.7,0.9,42.2,62,1004.4,50.5,2.75
2021-05-22,11.6,9.2,10.2,10.5,34.1,82,1004.3,50.5,2.75
2021-05-23,14.1,7.2,11.1,0.2,25.1,69,1012.2,50.5,2.75
2021-05-24,14.9,8.2,11.5,11.9,27.4,74,1006.5,50.5,2.75
2021-05-25,13.5,7.6,10.5,2.2,30.8,78,1013.8,50.5,2.75
2021-05-26,14.3,8.5,11.1,4.2,28.2,77,1014.2,50.5,2.75
2021-05-27,17.3,8.9,12.8,0.5,16.7,78,1020.1,50.5,2.75
2021-05-28,17.1,4.7,11.5,0.0,11.5,79,1023.7,50.5,2.75
2021-05-29,20.0,7.1,13.9,0.0,18.9,71,1025.2,50.5,2.75
2021-05-30,19.9,7.2,13.9,0.0,17.0,76,1026.2,50.5,2.75
2021-05-31,22.8,8.1,16.2,0.0,19.5,66,1021.2,50.5,2.75
2021-06-01,24.0,9.7,17.7,0.0,15.6,62,1015.3,50.5,2.75
2021-06-02,26.4,12.1,19.9,0.2,14.3,64,1013.0,50.5,2.75
2021-06-03,21.9,16.2,19.3,0.0,13.0,78,1018.9,50.5,2.75
2021-06-04,22.5,12.3,16.4,2.0,15.3,82,1021.1,50.5,2.75
2021-06-05,16.5,12.8,14.1,1.4,16.6,87,1023.6,50.5,2.75
2021-06-06,20.9,9.9,15.4,0.0,12.6,74,1024.9,50.5,2.75
2021-06-07,21.6,8.1,15.4,0.0,10.1,71,1024.1,50.5,2.75
2021-06-08,23.0,10.3,16.8,0.0,15.0,74,1023.6,50.5,2.75
2021-06-09,24.0,10.8,18.2,0.0,12.7,71,1022.6,50.5,2.75
2021-06-10,22.0,12.7,17.5,0.0,17.1,76,1022.1,50.5,2.75
2021-06-11,21.4,12.9,17.2,0.0,16.6,84,1021.1,50.5,2.75
2021-06-12,20.4,13.8,16.7,0.2,18.0,79,1022.9,50.5,2.75
2021-06-13,22.6,10.2,16.9,0.0,8.9,71,1027.1,50.5,2.75
2021-06-14,27.0,11.1,19.9,0.0,10.5,67,1021.1,50.5,2.75
2021-06-15,24.8,14.3,20.1,0.2,10.2,72,1019.8,50.5,2.75
2021-06-16,28.8,15.6,22.8,0.0,9.4,66,1013.3,50.5,2.75
2021-06-17,26.1,19.8,23.1,1.9,30.6,72,1009.7,50.5,2.75
2021-06-18,26.5,17.8,21.0,35.4,27.5,84,1011.3,50.5,2.75
2021-06-19,20.5,15.4,17.6,13.7,19.4,83,1013.5,50.5,2.75
2021-06-20,21.0,15.2,17.9,20.6,18.2,81,1008.3,50.5,2.75
2021-06-21,18.4,14.7,15.9,10.5,20.2,89,1008.9,50.5,2.75
2021-06-22,14.5,12.2,13.4,14.5,24.3,87,1016.2,50.5,2.75
2021-06-23,16.8,11.8,13.6,0.8,18.0,78,1021.8,50.5,2.75
2021-06-24,18.6,9.1,14.0,0.0,13.2,76,1021.7,50.5,2.75
2021-06-25,18.5,12.0,15.2,10.5,18.7,86,1018.5,50.5,2.75
2021-06-26,20.2,13.8,16.7,5.8,10.1,85,1017.9,50.5,2.75
2021-06-27,23.0,14.4,18.1,4.8,15.3,88,1014.4,50.5,2.75
2021-06-28,22.9,13.8,18.2,2.6,9.9,85,1013.7,50.5,2.75
2021-06-29,19.5,14.9,16.8,16.0,16.1,91,1012.8,50.5,2.75
2021-06-30,15.5,12.9,13.9,11.7,20.2,90,1015.3,50.5,2.75
2021-07-01,19.2,12.6,15.8,0.8,17.2,75,1017.7,50.5,2.75
2021-07-02,22.4,13.9,18.1,0.4,11.1,81,1017.2,50.5,2.75
2021-07-03,22.2,16.5,18.9,1.7,15.1,80,1013.9,50.5,2.75
2021-07-04,20.3,13.9,16.7,8.9,18.6,88,1010.4,50.5,2.75
2021-07-05,19.8,13.5,16.3,2.7,16.0,82,1008.0,50.5,2.75
2021-07-06,18.5,14.6,17.0,1.2,44.3,72,1004.7,50.5,2.75
2021-07-07,20.5,13.9,16.9,0.4,17.7,74,1013.8,50.5,2.75
2021-07-08,20.3,12.1,16.6,2.8,14.4,79,1020.6,50.5,2.75
2021-07-09,19.8,13.1,16.3,0.5,14.7,81,1022.2,50.5,2.75
2021-07-10,18.0,12.1,15.5,7.2,14.3,88,1017.0,50.5,2.75
2021-07-11,20.1,12.7,16.6,0.2,9.5,80,1016.3,50.5,2.75
2021-07-12,20.0,15.1,17.4,7.9,9.8,86,1010.4,50.5,2.75
2021-07-13,20.2,13.1,16.7,5.1,24.6,88,1011.6,50.5,2.75
2021-07-14,17.9,14.5,16.3,2.2,27.5,87,1015.2,50.5,2.75
2021-07-15,20.8,15.4,17.9,0.1,30.4,80,1018.7,50.5,2.75
2021-07-16,19.0,14.2,16.6,0.6,19.8,77,1024.3,50.5,2.75
2021-07-17,24.4,12.4,17.7,0.0,19.5,81,1026.5,50.5,2.75
2021-07-18,26.0,11.9,19.3,0.0,17.4,77,1024.7,50.5,2.75
2021-07-19,25.4,13.4,20.0,0.3,9.6,78,1021.7,50.5,2.75
2021-07-20,25.9,13.6,20.5,0.0,10.5,77,1020.6,50.5,2.75
2021-07-21,26.0,14.7,20.6,0.0,10.5,74,1022.5,50.5,2.75
2021-07-22,25.1,14.9,19.6,0.0,18.0,74,1022.5,50.5,2.75
2021-07-23,24.1,11.9,18.5,0.0,19.9,70,1016.7,50.5,2.75
2021-07-24,24.9,16.9,20.1,3.5,15.4,74,1008.3,50.5,2.75
2021-07-25,20.9,15.4,18.2,11.0,17.3,85,1007.2,50.5,2.75
2021-07-26,20.6,15.6,18.0,4.7,16.7,85,1010.0,50.5,2.75
2021-07-27,20.6,15.4,17.1,4.0,24.5,86,1011.0,50.5,2.75
2021-07-28,19.6,14.1,16.9,0.3,30.2,77,1010.4,50.5,2.75
2021-07-29,19.9,14.1,16.8,0.4,28.1,69,1012.3,50.5,2.75
2021-07-30,20.1,13.6,16.5,0.7,35.8,75,1007.9,50.5,2.75
2021-07-31,20.0,14.1,16.6,6.2,28.0,83,1009.6,50.5,2.75
2021-08-01,18.9,13.6,16.1,6.3,20.6,86,1011.2,50.5,2.75
2021-08-02,19.8,14.1,16.2,2.1,12.3,76,1014.6,50.5,2.75
2021-08-03,19.1,12.4,15.3,3.1,9.7,77,1013.8,50.5,2.75
2021-08-04,20.5,12.3,16.5,0.2,9.1,80,1013.0,50.5,2.75
2021-08-05,22.0,13.7,18.0,2.7,22.0,78,1008.2,50.5,2.75
2021-08-06,20.4,15.9,17.7,3.9,31.1,80,1002.5,50.5,2.75
2021-08-07,20.2,13.6,16.0,9.0,30.9,82,1001.7,50.5,2.75
2021-08-08,18.5,13.4,15.7,0.7,29.7,76,1008.6,50.5,2.75
2021-08-09,20.5,13.6,16.4,4.8,24.2,76,1014.7,50.5,2.75
2021-08-10,20.6,14.2,17.3,1.4,18.4,81,1016.6,50.5,2.75
2021-08-11,20.7,12.4,16.6,0.1,15.3,81,1019.5,50.5,2.75
2021-08-12,23.7,13.1,18.4,0.0,8.9,78,1019.7,50.5,2.75
2021-08-13,21.0,14.4,17.5,0.0,17.0,76,1022.5,50.5,2.75
2021-08-14,23.9,13.1,18.2,0.0,13.3,79,1021.4,50.5,2.75
2021-08-15,24.6,13.1,18.2,0.0,26.2,71,1015.2,50.5,2.75
2021-08-16,18.5,12.6,15.6,1.6,24.4,80,1015.6,50.5,2.75
2021-08-17,17.8,11.0,14.6,1.4,24.8,83,1019.8,50.5,2.75
2021-08-18,20.0,14.9,17.3,1.0,25.1,83,1017.5,50.5,2.75
2021-08-19,18.8,14.2,16.7,0.0,21.7,79,1015.6,50.5,2.75
2021-08-20,21.5,15.2,18.3,0.0,17.7,77,1016.9,50.5,2.75
2021-08-21,24.3,13.6,18.4,1.8,12.6,81,1016.7,50.5,2.75
2021-08-22,19.9,15.1,17.3,6.7,22.4,87,1017.6,50.5,2.75
2021-08-23,21.0,15.1,17.2,0.6,25.6,82,1024.3,50.5,2.75
2021-08-24,21.3,14.1,17.5,0.0,23.9,73,1026.8,50.5,2.75
2021-08-25,21.6,11.1,16.4,0.0,19.9,77,1023.7,50.5,2.75
2021-08-26,17.8,14.4,16.1,2.5,24.6,81,1019.1,50.5,2.75
2021-08-27,19.2,12.1,15.7,0.8,20.4,79,1020.5,50.5,2.75
2021-08-28,19.8,13.4,16.2,1.1,22.0,80,1022.3,50.5,2.75
2021-08-29,18.7,13.2,15.7,1.1,22.0,80,1022.6,50.5,2.75
2021-08-30,20.4,14.4,16.9,0.6,21.2,84,1022.3,50.5,2.75
2021-08-31,20.3,13.8,16.9,0.3,19.6,78,1026.0,50.5,2.75
2021-09-01,19.5,14.8,16.7,0.0,17.8,75,1028.6,50.5,2.75
2021-09-02,21.2,13.4,16.8,0.0,18.2,73,1026.0,50.5,2.75
2021-09-03,24.1,10.6,17.4,0.0,13.1,79,1020.2,50.5,2.75
2021-09-04,23.8,13.4,17.9,0.7,13.3,83,1017.2,50.5,2.75
2021-09-05,26.0,13.6,19.6,0.3,9.0,77,1019.6,50.5,2.75
2021-09-06,26.5,14.8,20.5,0.0,8.1,70,1023.2,50.5,2.75
2021-09-07,27.2,12.9,20.3,0.0,14.4,69,1021.9,50.5,2.75
2021-09-08,28.0,15.4,21.4,0.0,19.4,63,1014.3,50.5,2.75
2021-09-09,24.8,17.9,20.8,1.1,12.6,77,1010.2,50.5,2.75
2021-09-10,23.8,16.6,19.4,2.1,20.0,81,1012.4,50.5,2.75
2021-09-11,20.1,14.1,17.4,1.1,23.3,79,1017.4,50.5,2.75
2021-09-12,20.6,13.4,16.7,0.0,12.5,76,1018.8,50.5,2.75
2021-09-13,21.9,13.8,17.4,0.1,16.6,77,1017.7,50.5,2.75
2021-09-14,22.5,14.4,18.0,2.4,12.5,84,1012.4,50.5,2.75
2021-09-15,20.5,15.2,17.4,0.1,18.4,86,1012.6,50.5,2.75
2021-09-16,20.7,10.9,16.1,0.0,9.8,80,1017.9,50.5,2.75
2021-09-17,21.4,12.6,16.5,0.1,9.8,83,1016.4,50.5,2.75
2021-09-18,22.9,12.4,17.5,0.0,16.6,70,1015.0,50.5,2.75
2021-09-19,21.6,12.1,17.0,0.1,9.8,77,1014.0,50.5,2.75
2021-09-20,19.8,12.9,16.4,2.7,17.5,83,1019.7,50.5,2.75
2021-09-21,18.5,8.4,13.4,0.0,12.7,66,1029.4,50.5,2.75
2021-09-22,19.9,8.6,13.9,0.0,8.0,71,1028.6,50.5,2.75
2021-09-23,20.3,10.0,15.1,0.0,20.2,81,1021.5,50.5,2.75
2021-09-24,20.4,14.0,17.2,0.7,21.7,83,1017.6,50.5,2.75
2021-09-25,21.8,11.9,16.3,0.0,11.8,82,1015.4,50.5,2.75
2021-09-26,21.5,14.9,17.8,2.1,17.4,82,1013.9,50.5,2.75
2021-09-27,17.2,13.5,15.6,3.3,30.3,83,1014.5,50.5,2.75
2021-09-28,18.5,10.3,14.7,0.0,19.9,67,1020.3,50.5,2.75
2021-09-29,15.5,10.6,13.3,4.7,28.7,67,1018.6,50.5,2.75
2021-09-30,16.7,7.6,12.0,0.3,26.3,66,1024.9,50.5,2.75
2021-10-01,16.9,12.0,13.8,8.6,28.8,78,1014.7,50.5,2.75
2021-10-02,17.3,9.9,13.3,9.2,45.0,89,1005.4,50.5,2.75
2021-10-03,16.9,11.5,13.5,19.2,34.1,85,999.6,50.5,2.75
2021-10-04,17.2,8.8,12.8,0.5,29.0,75,1012.8,50.5,2.75
2021-10-05,16.2,11.8,13.0,9.0,32.8,81,1005.5,50.5,2.75
2021-10-06,14.4,10.9,12.5,0.4,31.4,71,1016.8,50.5,2.75
2021-10-07,16.2,7.4,12.0,0.0,11.8,82,1027.1,50.5,2.75
2021-10-08,16.9,7.2,11.1,0.0,11.6,87,1029.7,50.5,2.75
2021-10-09,17.2,6.2,10.6,0.0,11.5,88,1028.0,50.5,2.75
2021-10-10,15.9,5.3,10.8,0.5,11.9,89,1028.0,50.5,2.75
2021-10-11,15.0,8.1,11.5,0.8,17.3,82,1028.9,50.5,2.75
2021-10-12,14.6,8.4,11.1,0.4,22.7,83,1024.6,50.5,2.75
2021-10-13,14.1,6.3,9.6,0.0,11.2,82,1027.1,50.5,2.75
2021-10-14,16.3,8.3,11.7,0.0,15.4,79,1025.6,50.5,2.75
2021-10-15,15.2,6.8,11.5,0.6,18.6,83,1020.0,50.5,2.75
2021-10-16,13.7,3.7,8.9,0.0,10.1,80,1022.1,50.5,2.75
2021-10-17,14.9,6.8,10.7,0.0,16.0,74,1020.1,50.5,2.75
2021-10-18,16.2,6.2,11.2,0.2,20.3,84,1020.2,50.5,2.75
2021-10-19,20.5,14.8,17.6,4.3,26.5,83,1016.5,50.5,2.75
2021-10-20,18.7,13.8,17.0,7.5,34.1,75,1004.9,50.5,2.75
2021-10-21,14.5,6.1,10.3,4.9,41.8,74,1004.4,50.5,2.75
2021-10-22,12.9,5.2,8.6,0.0,27.2,73,1020.4,50.5,2.75
2021-10-23,14.1,4.9,9.4,0.0,12.7,84,1026.4,50.5,2.75
2021-10-24,12.9,4.6,8.3,0.0,16.4,83,1022.3,50.5,2.75
2021-10-25,15.1,8.1,11.5,0.0,17.6,83,1017.8,50.5,2.75
2021-10-26,15.2,9.6,12.1,0.3,24.5,88,1020.7,50.5,2.75
2021-10-27,16.7,10.7,12.8,0.0,20.1,86,1022.4,50.5,2.75
2021-10-28,15.6,8.1,11.8,0.0,23.9,81,1014.4,50.5,2.75
2021-10-29,15.1,10.4,12.8,0.9,30.0,78,1004.8,50.5,2.75
2021-10-30,14.2,9.5,12.1,16.5,23.6,91,1000.6,50.5,2.75
2021-10-31,14.6,9.3,11.2,5.9,33.1,88,1000.2,50.5,2.75
2021-11-01,12.3,7.7,9.5,5.1,28.7,80,998.4,50.5,2.75
2021-11-02,10.7,4.1,7.7,1.2,17.5,88,999.5,50.5,2.75
2021-11-03,11.6,1.8,6.0,0.1,16.2,89,1001.8,50.5,2.75
2021-11-04,10.0,5.2,7.6,1.4,24.4,89,1009.0,50.5,2.75
2021-11-05,10.6,4.2,7.4,0.2,18.4,86,1024.1,50.5,2.75
2021-11-06,11.4,3.8,8.1,0.0,23.9,84,1027.9,50.5,2.75
2021-11-07,12.1,8.1,10.7,1.7,23.2,81,1020.8,50.5,2.75
2021-11-08,11.1,4.8,7.5,0.0,13.1,85,1023.9,50.5,2.75
2021-11-09,11.7,4.6,8.0,0.0,14.2,84,1025.8,50.5,2.75
2021-11-10,9.6,4.0,7.1,0.0,12.6,83,1024.7,50.5,2.75
2021-11-11,11.4,5.6,8.7,0.0,10.9,86,1024.3,50.5,2.75
2021-11-12,12.2,1.9,7.1,0.0,22.3,87,1017.1,50.5,2.75
2021-11-13,11.9,10.4,11.1,2.4,22.5,91,1013.5,50.5,2.75
2021-11-14,11.6,9.1,10.2,0.8,15.8,90,1021.2,50.5,2.75
2021-11-15,8.9,4.0,6.9,0.0,14.6,90,1026.1,50.5,2.75
2021-11-16,7.5,6.0,6.8,0.1,9.5,87,1023.7,50.5,2.75
2021-11-17,11.9,4.9,8.2,0.0,15.6,89,1023.3,50.5,2.75
2021-11-18,12.9,4.6,8.3,0.0,18.6,86,1029.7,50.5,2.75
2021-11-19,13.1,9.8,11.3,0.2,13.0,92,1031.1,50.5,2.75
2021-11-20,10.9,8.6,9.8,0.3,11.3,89,1025.6,50.5,2.75
2021-11-21,9.2,4.7,7.8,2.5,18.9,85,1015.9,50.5,2.75
2021-11-22,7.3,2.2,4.6,0.0,19.3,85,1025.7,50.5,2.75
2021-11-23,6.2,0.0,3.1,0.0,11.0,93,1031.1,50.5,2.75
2021-11-24,6.9,2.0,4.5,0.0,9.2,94,1023.1,50.5,2.75
2021-11-25,7.9,2.7,5.5,1.1,14.5,89,1013.9,50.5,2.75
2021-11-26,6.3,2.6,4.2,4.8,28.3,89,998.8,50.5,2.75
2021-11-27,5.1,1.1,2.5,4.1,23.4,91,988.8,50.5,2.75
2021-11-28,5.1,2.2,3.8,8.9,29.3,90,1000.2,50.5,2.75
2021-11-29,5.6,1.0,2.6,0.3,19.6,89,1011.8,50.5,2.75
2021-11-30,10.9,1.8,8.6,1.1,27.7,87,1012.4,50.5,2.75
2021-12-01,10.4,5.1,8.1,6.5,33.3,87,999.1,50.5,2.75
2021-12-02,5.7,1.9,3.6,3.9,34.1,82,1007.3,50.5,2.75
2021-12-03,6.6,0.5,3.3,2.1,26.9,88,1008.6,50.5,2.75
2021-12-04,7.3,2.9,5.1,8.6,25.1,88,998.3,50.5,2.75
2021-12-05,5.7,3.2,4.1,4.4,25.7,90,1001.8,50.5,2.75
2021-12-06,5.1,0.6,2.6,8.0,24.1,96,1011.1,50.5,2.75
2021-12-07,6.8,0.9,4.1,4.4,38.5,88,1004.2,50.5,2.75
2021-12-08,7.2,3.0,4.7,0.1,27.5,84,995.5,50.5,2.75
2021-12-09,7.3,2.9,4.7,3.8,22.3,89,1002.7,50.5,2.75
2021-12-10,6.4,3.1,5.2,12.0,39.9,84,994.5,50.5,2.75
2021-12-11,7.6,1.6,4.6,0.0,24.2,88,1015.8,50.5,2.75
2021-12-12,11.7,6.7,9.5,1.3,21.4,91,1022.4,50.5,2.75
2021-12-13,10.0,7.8,8.7,0.0,16.3,90,1026.4,50.5,2.75
2021-12-14,10.0,5.1,7.8,0.1,14.0,90,1028.6,50.5,2.75
2021-12-15,10.0,8.4,9.1,0.1,15.4,87,1032.0,50.5,2.75
2021-12-16,10.9,6.1,9.0,0.0,12.3,90,1037.6,50.5,2.75
2021-12-17,7.0,4.3,5.6,0.0,13.5,95,1039.9,50.5,2.75
2021-12-18,7.8,3.9,6.5,0.0,17.0,94,1038.8,50.5,2.75
2021-12-19,6.9,4.6,5.6,0.3,11.3,96,1034.1,50.5,2.75
2021-12-20,6.3,2.4,5.2,0.0,12.0,87,1028.3,50.5,2.75
2021-12-21,2.7,-4.0,-0.6,0.0,10.8,91,1026.0,50.5,2.75
2021-12-22,1.5,-3.6,-1.6,0.0,18.4,89,1022.8,50.5,2.75
2021-12-23,7.2,-1.6,2.9,0.1,21.8,87,1012.0,50.5,2.75
2021-12-24,8.9,6.8,7.8,0.8,23.5,95,1006.6,50.5,2.75
2021-12-25,8.1,3.1,6.4,4.2,16.8,95,1004.5,50.5,2.75
2021-12-26,8.9,3.2,6.2,1.8,15.1,94,1003.4,50.5,2.75
2021-12-27,9.5,4.9,7.7,2.2,22.3,94,997.1,50.5,2.75
2021-12-28,10.8,9.1,10.1,3.5,44.6,86,993.8,50.5,2.75
2021-12-29,13.3,6.8,10.4,2.8,28.7,92,1006.7,50.5,2.75
2021-12-30,14.4,12.9,13.6,0.8,26.9,87,1016.3,50.5,2.75
2021-12-31,13.9,10.7,12.2,0.0,22.9,87,1020.0,50.5,2.75
2022-01-01,14.0,9.9,11.5,0.0,24.8,87,1022.2,50.5,2.75
2022-01-02,14.1,10.1,12.2,3.4,37.6,78,1014.7,50.5,2.75
2022-01-03,9.9,8.3,9.3,11.7,35.0,87,1012.0,50.5,2.75
2022-01-04,8.7,4.1,7.2,14.6,22.8,91,1000.1,50.5,2.75
2022-01-05,6.1,1.0,2.9,0.0,24.7,80,1011.0,50.5,2.75
2022-01-06,5.8,-0.2,3.1,0.1,24.6,83,1019.4,50.5,2.75
2022-01-07,6.2,2.5,4.4,8.5,28.6,87,1012.4,50.5,2.75
2022-01-08,7.9,1.2,4.7,10.2,31.4,91,1005.7,50.5,2.75
2022-01-09,6.8,0.4,4.1,1.7,30.3,82,1002.1,50.5,2.75
2022-01-10,2.8,-2.8,0.4,0.0,14.9,94,1019.3,50.5,2.75
2022-01-11,4.7,-0.6,2.2,0.0,15.8,85,1031.8,50.5,2.75
2022-01-12,7.2,0.2,4.1,0.3,11.4,90,1039.2,50.5,2.75
2022-01-13,3.9,-2.8,0.3,0.0,7.6,96,1041.9,50.5,2.75
2022-01-14,5.8,-1.9,0.8,0.0,5.5,96,1036.9,50.5,2.75
2022-01-15,5.7,-0.6,2.1,0.0,7.9,86,1028.4,50.5,2.75
2022-01-16,7.4,1.4,4.2,0.9,23.8,92,1026.9,50.5,2.75
2022-01-17,7.1,0.6,3.2,0.0,12.6,94,1036.3,50.5,2.75
2022-01-18,7.9,0.2,3.9,0.0,14.7,93,1038.1,50.5,2.75
2022-01-19,7.9,-0.2,3.8,0.5,18.9,93,1027.8,50.5,2.75
2022-01-20,5.6,2.7,3.6,1.6,21.9,88,1032.0,50.5,2.75
2022-01-21,6.1,2.5,3.9,1.3,15.5,87,1037.1,50.5,2.75
2022-01-22,6.2,1.8,4.1,0.0,13.7,87,1036.9,50.5,2.75
2022-01-23,5.2,3.6,4.3,0.0,11.5,86,1036.0,50.5,2.75
2022-01-24,6.2,-2.2,1.8,0.0,11.0,90,1033.8,50.5,2.75
2022-01-25,1.9,-3.5,-0.4,0.0,10.8,96,1034.1,50.5,2.75
2022-01-26,5.4,1.8,3.2,0.0,14.3,86,1033.9,50.5,2.75
2022-01-27,9.1,4.0,6.8,0.1,26.1,90,1028.8,50.5,2.75
2022-01-28,8.1,0.8,4.4,0.0,17.8,92,1035.1,50.5,2.75
2022-01-29,10.9,6.9,9.5,0.1,38.4,88,1029.1,50.5,2.75
2022-01-30,7.8,1.4,4.7,0.0,19.1,80,1031.0,50.5,2.75
2022-01-31,7.8,3.6,5.9,2.4,41.1,66,1020.2,50.5,2.75
2022-02-01,11.0,1.7,7.1,0.5,30.2,85,1021.6,50.5,2.75
2022-02-02,11.7,7.5,9.6,0.0,24.8,85,1022.3,50.5,2.75
2022-02-03,7.6,5.4,6.8,0.0,20.4,86,1017.8,50.5,2.75
2022-02-04,9.2,4.1,6.9,0.9,30.6,80,1012.9,50.5,2.75
2022-02-05,8.8,1.9,5.4,0.0,32.4,79,1021.3,50.5,2.75
2022-02-06,10.5,7.3,9.1,10.7,43.3,80,1009.8,50.5,2.75
2022-02-07,8.1,2.7,5.9,0.0,31.0,69,1024.2,50.5,2.75
2022-02-08,11.4,8.3,9.7,0.0,25.4,83,1029.3,50.5,2.75
2022-02-09,10.6,4.9,7.9,0.0,17.5,86,1026.5,50.5,2.75
2022-02-10,8.1,4.3,6.7,3.3,16.9,90,1022.3,50.5,2.75
2022-02-11,7.3,0.1,3.4,0.0,15.9,80,1031.1,50.5,2.75
2022-02-12,7.7,-0.9,2.6,0.0,25.0,76,1027.3,50.5,2.75
2022-02-13,11.1,0.9,5.3,0.2,34.9,75,1010.3,50.5,2.75
2022-02-14,12.1,5.2,9.1,2.2,35.5,77,1000.8,50.5,2.75
2022-02-15,9.9,3.0,6.6,6.4,33.1,85,1010.3,50.5,2.75
2022-02-16,13.1,8.8,11.2,4.8,47.8,88,1001.2,50.5,2.75
2022-02-17,12.2,7.4,9.7,1.0,46.0,73,1008.5,50.5,2.75
2022-02-18,12.6,5.4,9.3,3.6,62.5,73,1003.2,50.5,2.75
2022-02-19,8.8,4.2,6.3,3.2,43.4,68,1012.7,50.5,2.75
2022-02-20,10.9,6.9,9.5,6.8,52.6,86,1009.2,50.5,2.75
2022-02-21,10.8,4.7,7.5,4.9,50.8,68,1007.6,50.5,2.75
2022-02-22,11.4,4.0,8.0,1.2,34.6,85,1020.0,50.5,2.75
2022-02-23,10.8,2.6,6.7,0.0,23.3,81,1024.3,50.5,2.75
2022-02-24,9.8,3.7,6.3,4.7,41.0,72,1013.9,50.5,2.75
2022-02-25,8.9,1.7,5.1,0.1,25.0,67,1024.8,50.5,2.75
2022-02-26,8.6,-1.9,3.0,0.0,16.3,78,1032.8,50.5,2.75
2022-02-27,9.9,-0.3,4.0,0.0,19.7,63,1028.3,50.5,2.75
2022-02-28,10.1,-0.6,4.5,0.0,20.0,64,1028.2,50.5,2.75
2022-03-01,8.8,3.7,6.0,2.1,13.3,69,1026.7,50.5,2.75
2022-03-02,8.9,4.8,6.1,2.5,10.9,79,1022.5,50.5,2.75
2022-03-03,13.7,4.1,8.4,0.0,10.9,76,1016.9,50.5,2.75
2022-03-04,13.2,1.0,7.1,0.0,9.4,79,1018.5,50.5,2.75
2022-03-05,9.9,3.3,6.5,0.3,14.9,90,1020.4,50.5,2.75
2022-03-06,7.2,-0.9,3.0,0.0,21.7,74,1025.2,50.5,2.75
2022-03-07,5.7,-2.5,1.4,0.0,22.4,65,1025.0,50.5,2.75
2022-03-08,10.4,-1.7,3.5,0.0,19.6,59,1018.9,50.5,2.75
2022-03-09,14.4,2.0,7.5,0.0,25.6,71,1020.2,50.5,2.75
2022-03-10,15.9,3.9,9.1,0.0,19.1,68,1020.0,50.5,2.75
2022-03-11,14.6,5.9,9.6,4.8,32.9,73,1010.9,50.5,2.75
2022-03-12,12.2,6.6,9.3,0.1,27.4,79,1013.1,50.5,2.75
2022-03-13,12.6,7.5,9.5,4.1,27.4,78,1011.0,50.5,2.75
2022-03-14,13.7,5.8,8.7,0.7,18.0,80,1023.6,50.5,2.75
2022-03-15,12.6,5.9,8.5,0.5,15.6,79,1023.8,50.5,2.75
2022-03-16,15.8,5.8,10.8,0.1,22.2,84,1019.8,50.5,2.75
2022-03-17,12.1,3.0,8.3,0.0,21.7,75,1029.8,50.5,2.75
2022-03-18,14.1,0.6,7.3,0.0,21.8,71,1040.9,50.5,2.75
2022-03-19,14.4,4.8,9.1,0.0,25.7,58,1037.4,50.5,2.75
2022-03-20,9.8,0.9,5.4,0.0,22.1,60,1028.4,50.5,2.75
2022-03-21,17.0,-0.4,7.8,0.0,12.6,76,1029.0,50.5,2.75
2022-03-22,18.2,6.2,11.1,0.0,14.8,69,1029.6,50.5,2.75
2022-03-23,18.1,4.6,10.6,0.0,11.2,63,1030.1,50.5,2.75
2022-03-24,17.8,4.1,11.1,0.0,11.2,55,1029.7,50.5,2.75
2022-03-25,16.2,2.6,9.2,0.0,15.9,65,1030.2,50.5,2.75
2022-03-26,17.5,4.5,10.7,0.0,20.5,66,1030.8,50.5,2.75
2022-03-27,16.2,4.6,10.5,0.0,13.7,82,1030.3,50.5,2.75
2022-03-28,16.7,3.8,9.8,0.0,7.6,85,1023.2,50.5,2.75
2022-03-29,14.4,7.3,10.6,0.4,11.7,78,1011.7,50.5,2.75
2022-03-30,10.9,5.8,8.1,1.2,12.7,80,1004.6,50.5,2.75
2022-03-31,7.2,2.3,4.5,1.7,35.3,77,1002.7,50.5,2.75
2022-04-01,4.6,0.7,2.2,6.7,33.2,76,1009.0,50.5,2.75
2022-04-02,6.8,-0.3,3.1,0.6,25.3,59,1019.3,50.5,2.75
2022-04-03,6.8,-3.7,2.3,0.8,10.4,73,1024.6,50.5,2.75
2022-04-04,9.7,1.0,5.7,1.9,48.4,80,1015.3,50.5,2.75
2022-04-05,13.9,9.1,10.9,1.1,29.7,85,1009.7,50.5,2.75
2022-04-06,12.5,8.4,9.9,3.0,33.2,80,1003.0,50.5,2.75
2022-04-07,11.6,8.1,9.9,6.5,46.4,71,992.0,50.5,2.75
2022-04-08,7.8,3.7,5.5,1.8,24.1,78,1000.2,50.5,2.75
2022-04-09,10.1,2.6,5.8,0.3,21.1,70,1014.0,50.5,2.75
2022-04-10,11.8,1.2,7.0,0.1,11.6,71,1020.2,50.5,2.75
2022-04-11,17.2,3.9,10.4,0.1,23.7,60,1013.2,50.5,2.75
2022-04-12,20.5,8.8,13.8,0.2,21.9,73,1008.2,50.5,2.75
2022-04-13,15.8,7.9,12.5,0.1,10.6,83,1016.5,50.5,2.75
2022-04-14,17.4,8.1,12.6,0.1,11.2,79,1022.3,50.5,2.75
2022-04-15,18.0,7.2,12.5,0.0,13.0,79,1026.8,50.5,2.75
2022-04-16,17.1,5.5,11.3,0.0,17.0,73,1029.7,50.5,2.75
2022-04-17,19.1,4.4,11.9,0.0,15.8,56,1024.7,50.5,2.75
2022-04-18,17.6,6.4,12.6,0.0,14.3,58,1017.7,50.5,2.75
2022-04-19,18.2,6.1,11.9,0.0,17.7,69,1014.8,50.5,2.75
2022-04-20,17.8,5.1,12.2,0.0,20.8,58,1014.0,50.5,2.75
2022-04-21,18.5,4.4,12.2,0.0,22.2,60,1010.9,50.5,2.75
2022-04-22,15.9,9.8,12.7,0.0,21.2,63,1005.5,50.5,2.75
2022-04-23,19.5,9.8,14.7,0.1,22.3,58,1000.7,50.5,2.75
2022-04-24,18.4,8.6,13.0,0.0,24.3,61,1003.9,50.5,2.75
2022-04-25,13.2,5.8,9.6,0.9,19.1,75,1012.3,50.5,2.75
2022-04-26,14.0,6.2,9.7,0.2,21.3,70,1019.6,50.5,2.75
2022-04-27,15.0,2.0,8.6,0.0,22.7,72,1025.6,50.5,2.75
2022-04-28,18.7,4.1,10.9,0.0,19.8,66,1029.0,50.5,2.75
2022-04-29,14.9,7.1,10.3,0.2,18.3,77,1029.1,50.5,2.75
2022-04-30,13.6,5.2,9.6,0.1,20.5,67,1028.3,50.5,2.75
2022-05-01,14.6,3.0,9.2,0.0,13.0,72,1024.3,50.5,2.75
2022-05-02,16.4,5.0,11.3,0.0,19.2,69,1020.4,50.5,2.75
2022-05-03,16.3,4.9,10.5,0.2,18.0,73,1020.1,50.5,2.75
2022-05-04,15.9,5.8,10.7,0.0,13.6,77,1020.0,50.5,2.75
2022-05-05,15.3,9.6,12.3,1.1,13.8,82,1022.8,50.5,2.75
2022-05-06,20.3,6.2,13.4,0.6,12.3,76,1025.9,50.5,2.75
2022-05-07,18.6,10.6,14.0,2.0,16.5,78,1024.7,50.5,2.75
2022-05-08,19.0,9.2,13.2,0.0,17.8,75,1027.0,50.5,2.75
2022-05-09,22.5,6.2,14.8,0.0,10.3,67,1024.9,50.5,2.75
2022-05-10,21.6,14.0,17.4,0.1,20.7,63,1017.9,50.5,2.75
2022-05-11,21.2,10.3,15.8,0.0,25.9,68,1012.8,50.5,2.75
2022-05-12,17.9,9.8,13.8,0.0,19.7,71,1018.9,50.5,2.75
2022-05-13,17.6,9.5,13.2,0.0,21.2,71,1021.6,50.5,2.75
2022-05-14,21.0,8.6,14.8,0.0,12.2,73,1021.6,50.5,2.75
2022-05-15,26.6,9.7,18.6,0.4,20.6,59,1016.2,50.5,2.75
2022-05-16,21.1,14.9,18.7,0.0,26.6,67,1015.8,50.5,2.75
2022-05-17,25.7,14.1,20.3,0.0,11.5,60,1018.9,50.5,2.75
2022-05-18,24.8,14.4,20.0,0.0,18.6,60,1020.1,50.5,2.75
2022-05-19,22.1,14.1,19.2,12.3,26.0,73,1018.5,50.5,2.75
2022-05-20,18.3,10.9,14.2,18.1,27.0,81,1019.5,50.5,2.75
2022-05-21,18.5,11.4,14.9,0.0,22.9,71,1021.9,50.5,2.75
2022-05-22,23.4,8.7,16.3,1.0,7.8,72,1014.9,50.5,2.75
2022-05-23,17.3,12.6,15.1,10.3,20.6,88,1003.0,50.5,2.75
2022-05-24,16.2,10.2,12.9,1.6,26.6,73,1006.8,50.5,2.75
2022-05-25,16.4,9.1,13.0,0.3,29.6,76,1015.9,50.5,2.75
2022-05-26,18.5,11.9,14.9,0.0,30.4,77,1022.4,50.5,2.75
2022-05-27,18.8,11.8,15.4,0.7,23.7,72,1023.6,50.5,2.75
2022-05-28,15.9,8.9,12.5,1.0,21.2,71,1023.5,50.5,2.75
2022-05-29,13.6,6.8,10.2,0.7,18.5,74,1018.0,50.5,2.75
2022-05-30,14.6,4.2,10.4,0.2,8.3,72,1014.3,50.5,2.75
2022-05-31,17.5,7.3,12.5,2.2,23.5,64,1013.3,50.5,2.75
2022-06-01,17.0,8.2,13.1,0.0,15.0,71,1016.5,50.5,2.75
2022-06-02,20.0,5.9,13.4,0.0,12.9,71,1020.1,50.5,2.75
2022-06-03,24.2,8.7,16.9,1.6,11.4,67,1016.4,50.5,2.75
2022-06-04,24.1,13.2,18.7,0.5,19.3,72,1017.4,50.5,2.75
2022-06-05,19.5,14.1,16.9,4.3,18.8,87,1014.3,50.5,2.75
2022-06-06,18.5,11.6,15.0,0.4,30.0,75,1015.9,50.5,2.75
2022-06-07,19.2,10.9,15.4,2.8,23.4,79,1013.6,50.5,2.75
2022-06-08,18.9,12.8,15.4,13.9,28.9,82,1008.0,50.5,2.75
2022-06-09,19.2,11.9,15.5,0.0,22.0,74,1015.8,50.5,2.75
2022-06-10,21.0,14.8,17.6,0.7,18.6,75,1021.0,50.5,2.75
2022-06-11,20.4,13.2,17.0,0.0,18.0,69,1023.2,50.5,2.75
2022-06-12,20.2,11.2,15.6,0.0,17.1,71,1023.8,50.5,2.75
2022-06-13,18.7,11.9,15.2,0.0,14.8,67,1024.1,50.5,2.75
2022-06-14,21.8,8.2,15.5,0.0,11.7,65,1022.0,50.5,2.75
2022-06-15,24.5,9.3,17.5,0.0,14.8,67,1018.4,50.5,2.75
2022-06-16,25.2,10.9,18.7,0.0,10.8,68,1021.7,50.5,2.75
2022-06-17,30.7,16.1,23.4,0.0,15.8,52,1021.9,50.5,2.75
2022-06-18,32.4,17.5,23.8,0.0,23.5,58,1016.1,50.5,2.75
2022-06-19,19.8,13.8,16.0,5.0,29.8,74,1012.4,50.5,2.75
2022-06-20,19.8,12.7,15.8,0.0,19.8,66,1016.5,50.5,2.75
2022-06-21,21.5,9.6,15.9,0.2,15.0,71,1014.7,50.5,2.75
2022-06-22,25.7,11.4,18.9,0.0,17.8,64,1012.3,50.5,2.75
2022-06-23,27.1,15.1,21.4,1.6,19.8,64,1009.8,50.5,2.75
2022-06-24,23.7,17.0,19.2,19.5,18.3,79,1007.1,50.5,2.75
2022-06-25,21.5,14.4,17.1,2.2,20.3,73,1010.3,50.5,2.75
2022-06-26,21.5,12.4,17.0,0.0,14.8,67,1014.1,50.5,2.75
2022-06-27,20.4,12.1,16.1,1.8,25.0,72,1017.2,50.5,2.75
2022-06-28,24.6,10.8,17.6,0.1,18.8,67,1019.6,50.5,2.75
2022-06-29,25.7,11.4,18.7,0.0,17.0,65,1013.8,50.5,2.75
2022-06-30,17.1,12.8,14.9,8.3,12.3,85,1013.5,50.5,2.75
2022-07-01,19.2,10.9,15.1,0.9,21.9,72,1018.4,50.5,2.75
2022-07-02,24.0,10.9,17.5,0.5,21.9,64,1020.4,50.5,2.75
2022-07-03,20.1,12.4,16.6,0.0,19.1,66,1020.0,50.5,2.75
2022-07-04,23.4,11.9,17.4,0.0,17.5,69,1021.1,50.5,2.75
2022-07-05,22.5,11.1,17.1,0.0,19.3,67,1023.8,50.5,2.75
2022-07-06,24.0,10.6,17.5,0.2,18.1,69,1026.2,50.5,2.75
2022-07-07,20.8,13.2,17.3,0.3,26.3,71,1026.8,50.5,2.75
2022-07-08,26.2,9.6,17.8,0.0,18.1,68,1031.7,50.5,2.75
2022-07-09,23.8,13.8,18.4,0.0,23.3,69,1029.1,50.5,2.75
2022-07-10,25.1,10.9,18.3,0.0,14.3,67,1027.3,50.5,2.75
2022-07-11,27.6,13.2,20.9,0.0,13.2,63,1023.9,50.5,2.75
2022-07-12,31.2,14.6,23.2,0.0,12.6,57,1023.5,50.5,2.75
2022-07-13,29.4,19.6,23.9,0.1,16.9,56,1021.2,50.5,2.75
2022-07-14,24.9,16.2,20.7,0.0,22.1,62,1021.0,50.5,2.75
2022-07-15,23.5,10.9,18.0,0.0,15.8,59,1023.7,50.5,2.75
2022-07-16,25.1,13.1,19.4,0.0,16.8,57,1024.5,50.5,2.75
2022-07-17,27.5,11.9,20.2,0.0,12.0,52,1026.1,50.5,2.75
2022-07-18,34.3,14.9,25.3,0.0,10.2,46,1021.2,50.5,2.75
2022-07-19,37.9,19.5,28.8,0.0,26.3,38,1014.2,50.5,2.75
2022-07-20,24.5,18.5,20.4,7.2,20.3,79,1017.1,50.5,2.75
2022-07-21,22.7,16.1,19.1,1.3,17.8,81,1020.6,50.5,2.75
2022-07-22,20.7,13.4,17.2,1.7,14.3,82,1020.2,50.5,2.75
2022-07-23,25.9,13.6,19.0,1.4,15.5,76,1019.3,50.5,2.75
2022-07-24,29.8,14.6,22.4,0.0,19.4,64,1016.8,50.5,2.75
2022-07-25,22.5,17.2,19.8,0.9,33.2,68,1012.1,50.5,2.75
2022-07-26,21.5,15.4,18.0,0.8,21.3,70,1017.8,50.5,2.75
2022-07-27,21.4,11.6,17.3,0.0,14.3,61,1020.3,50.5,2.75
2022-07-28,24.0,11.5,18.0,0.0,12.9,60,1016.8,50.5,2.75
2022-07-29,25.5,11.4,18.7,0.0,16.8,65,1017.5,50.5,2.75
2022-07-30,25.9,12.6,19.3,0.0,19.1,67,1019.5,50.5,2.75
2022-07-31,24.7,17.1,19.9,0.6,29.7,79,1018.0,50.5,2.75
2022-08-01,24.0,17.1,20.2,0.2,14.6,77,1018.5,50.5,2.75
2022-08-02,26.8,15.6,20.7,0.0,19.2,73,1017.8,50.5,2.75
2022-08-03,31.5,16.2,23.6,0.0,13.7,64,1014.8,50.5,2.75
2022-08-04,27.0,17.2,22.0,0.0,14.6,70,1014.3,50.5,2.75
2022-08-05,20.9,13.9,18.2,2.3,23.5,69,1019.8,50.5,2.75
2022-08-06,21.5,10.6,16.6,0.0,14.5,60,1027.5,50.5,2.75
2022-08-07,23.8,10.1,17.3,0.0,19.5,61,1025.8,50.5,2.75
2022-08-08,24.6,10.1,17.9,0.0,19.0,67,1025.8,50.5,2.75
2022-08-09,26.8,13.9,20.1,0.0,21.1,68,1026.8,50.5,2.75
2022-08-10,30.0,14.9,22.5,0.0,16.0,58,1024.1,50.5,2.75
2022-08-11,30.9,14.9,23.4,0.0,15.1,49,1020.3,50.5,2.75
2022-08-12,31.5,15.6,23.9,0.0,17.2,45,1017.0,50.5,2.75
2022-08-13,31.1,16.9,24.4,0.0,15.1,40,1014.2,50.5,2.75
2022-08-14,31.3,15.1,23.0,0.0,34.2,51,1007.3,50.5,2.75
2022-08-15,27.3,17.6,22.2,1.8,14.2,67,1004.5,50.5,2.75
2022-08-16,26.1,16.8,20.4,1.7,15.3,76,1008.1,50.5,2.75
2022-08-17,23.5,16.5,18.9,7.1,13.6,83,1010.7,50.5,2.75
2022-08-18,25.4,13.9,19.9,0.1,15.0,78,1014.0,50.5,2.75
2022-08-19,24.5,15.8,20.2,0.4,20.6,78,1015.2,50.5,2.75
2022-08-20,22.0,13.8,18.2,0.0,19.2,68,1018.4,50.5,2.75
2022-08-21,23.5,12.5,18.0,0.4,13.6,74,1017.1,50.5,2.75
2022-08-22,26.2,15.9,20.3,0.2,15.9,68,1014.5,50.5,2.75
2022-08-23,26.7,16.3,21.1,0.1,17.2,74,1015.6,50.5,2.75
2022-08-24,29.5,16.3,22.9,0.1,10.5,73,1017.1,50.5,2.75
2022-08-25,28.5,17.9,22.3,0.9,21.9,70,1015.5,50.5,2.75
2022-08-26,23.8,15.9,19.6,0.0,19.5,72,1018.0,50.5,2.75
2022-08-27,22.0,12.2,17.4,0.0,16.6,71,1018.3,50.5,2.75
2022-08-28,22.9,14.8,18.6,0.2,22.6,63,1020.0,50.5,2.75
2022-08-29,23.1,14.6,18.4,0.0,18.3,59,1021.0,50.5,2.75
2022-08-30,25.6,13.3,19.5,0.0,20.3,64,1019.9,50.5,2.75
2022-08-31,24.5,14.1,19.9,0.0,22.2,60,1020.4,50.5,2.75
2022-09-01,26.0,15.9,21.1,0.0,16.1,52,1017.9,50.5,2.75
2022-09-02,25.8,13.3,18.9,7.4,13.2,69,1012.7,50.5,2.75
2022-09-03,25.6,15.4,20.2,0.4,14.2,73,1010.3,50.5,2.75
2022-09-04,26.1,15.7,20.5,0.0,13.6,68,1016.0,50.5,2.75
2022-09-05,27.1,18.0,21.6,2.5,16.4,60,1017.0,50.5,2.75
2022-09-06,25.2,16.2,20.0,10.9,19.2,74,1014.5,50.5,2.75
2022-09-07,22.3,14.5,18.2,1.6,22.3,79,1011.7,50.5,2.75
2022-09-08,21.9,14.4,16.8,2.4,23.8,81,1007.7,50.5,2.75
2022-09-09,18.9,14.5,16.1,9.0,30.2,81,1007.2,50.5,2.75
2022-09-10,21.1,14.1,16.9,0.6,18.4,81,1013.8,50.5,2.75
2022-09-11,22.4,11.9,16.9,0.0,10.5,82,1018.8,50.5,2.75
2022-09-12,24.8,13.1,18.3,0.0,13.7,74,1013.8,50.5,2.75
2022-09-13,23.3,16.5,19.7,5.2,15.3,80,1009.7,50.5,2.75
2022-09-14,18.5,14.0,16.6,14.0,17.3,89,1005.9,50.5,2.75
2022-09-15,19.2,11.5,15.2,0.2,16.6,80,1010.7,50.5,2.75
2022-09-16,16.0,9.8,12.9,0.8,23.9,69,1015.4,50.5,2.75
2022-09-17,15.2,10.0,12.5,1.4,27.0,66,1019.7,50.5,2.75
2022-09-18,15.8,8.6,12.6,0.1,26.5,65,1019.9,50.5,2.75
2022-09-19,15.9,9.8,12.8,0.1,17.0,70,1023.0,50.5,2.75
2022-09-20,16.5,8.4,12.7,0.1,13.0,73,1025.2,50.5,2.75
2022-09-21,17.9,9.2,12.9,0.0,11.2,75,1026.2,50.5,2.75
2022-09-22,19.5,6.6,12.9,0.0,9.7,70,1021.8,50.5,2.75
2022-09-23,19.5,10.4,14.1,5.2,15.8,74,1016.1,50.5,2.75
2022-09-24,16.8,11.7,14.0,5.4,24.2,84,1013.6,50.5,2.75
2022-09-25,15.6,8.9,11.8,0.0,17.7,82,1016.6,50.5,2.75
2022-09-26,13.9,9.9,12.1,9.9,29.5,78,1004.0,50.5,2.75
2022-09-27,14.9,8.4,11.3,0.4,23.1,72,1000.9,50.5,2.75
2022-09-28,13.9,6.7,10.1,0.3,15.7,78,999.3,50.5,2.75
2022-09-29,15.4,4.1,9.6,0.9,11.0,80,1002.8,50.5,2.75
2022-09-30,18.0,6.4,12.1,1.8,30.1,72,1009.2,50.5,2.75
2022-10-01,18.2,11.9,15.1,10.4,35.4,78,1007.6,50.5,2.75
2022-10-02,16.1,8.7,13.8,13.7,22.7,88,1019.8,50.5,2.75
2022-10-03,16.0,5.6,11.0,0.0,12.3,82,1026.9,50.5,2.75
2022-10-04,18.6,8.1,12.7,0.0,19.6,84,1020.7,50.5,2.75
2022-10-05,19.1,12.6,15.7,0.6,34.3,79,1016.5,50.5,2.75
2022-10-06,16.9,9.0,13.0,0.0,20.5,71,1028.6,50.5,2.75
2022-10-07,18.0,8.9,12.9,0.0,18.9,75,1023.4,50.5,2.75
2022-10-08,15.6,8.5,12.4,0.2,18.7,75,1022.5,50.5,2.75
2022-10-09,17.7,5.6,10.8,0.0,15.7,77,1020.6,50.5,2.75
2022-10-10,17.5,7.4,11.9,0.1,21.4,84,1016.8,50.5,2.75
2022-10-11,15.3,6.3,10.1,0.0,10.7,79,1026.2,50.5,2.75
2022-10-12,17.0,2.5,9.7,5.1,16.2,83,1023.0,50.5,2.75
2022-10-13,15.4,11.8,13.2,1.1,20.1,88,1017.2,50.5,2.75
2022-10-14,16.7,12.1,14.3,1.3,13.1,85,1011.4,50.5,2.75
2022-10-15,17.8,11.4,14.5,3.6,24.9,83,1006.9,50.5,2.75
2022-10-16,17.6,12.0,14.8,0.5,16.9,81,1012.8,50.5,2.75
2022-10-17,18.6,13.8,16.3,12.0,20.9,88,1018.8,50.5,2.75
2022-10-18,18.9,12.2,14.8,0.3,12.6,85,1027.1,50.5,2.75
2022-10-19,19.1,10.0,14.2,0.0,24.0,82,1021.9,50.5,2.75
2022-10-20,20.2,13.4,16.0,2.7,21.8,85,1010.0,50.5,2.75
2022-10-21,20.8,14.8,16.6,2.4,21.6,81,1006.2,50.5,2.75
2022-10-22,19.1,13.5,15.8,0.0,24.3,77,1011.3,50.5,2.75
2022-10-23,21.2,14.1,16.4,2.6,28.7,82,1006.2,50.5,2.75
2022-10-24,17.9,13.9,15.7,1.4,35.7,71,1006.1,50.5,2.75
2022-10-25,17.5,11.4,14.3,0.1,22.5,81,1014.1,50.5,2.75
2022-10-26,20.0,13.6,16.3,0.3,23.2,82,1014.5,50.5,2.75
2022-10-27,22.4,13.6,17.2,0.0,23.4,78,1018.0,50.5,2.75
2022-10-28,21.7,12.7,17.3,0.0,23.9,79,1017.6,50.5,2.75
2022-10-29,22.0,12.9,17.5,0.1,21.4,82,1017.1,50.5,2.75
2022-10-30,18.3,11.9,15.0,0.1,13.1,84,1017.3,50.5,2.75
2022-10-31,17.8,9.2,13.5,2.9,26.8,89,1015.3,50.5,2.75
2022-11-01,16.2,11.7,14.0,4.1,38.0,73,1012.2,50.5,2.75
2022-11-02,14.1,10.1,12.3,0.1,29.5,70,1018.2,50.5,2.75
2022-11-03,15.1,9.5,12.4,5.8,29.5,83,1005.5,50.5,2.75
2022-11-04,11.6,6.6,8.9,4.0,20.2,87,1007.5,50.5,2.75
2022-11-05,11.1,5.3,8.2,2.4,22.5,88,1017.2,50.5,2.75
2022-11-06,11.3,9.6,10.4,12.0,30.7,87,1009.2,50.5,2.75
2022-11-07,15.3,10.8,12.8,1.5,27.4,81,1009.1,50.5,2.75
2022-11-08,16.2,11.6,13.7,1.5,32.7,75,1004.5,50.5,2.75
2022-11-09,13.6,10.6,12.1,0.3,28.9,77,1009.1,50.5,2.75
2022-11-10,15.0,9.0,11.5,0.0,23.7,84,1023.2,50.5,2.75
2022-11-11,12.7,7.4,9.4,0.0,17.9,89,1029.5,50.5,2.75
2022-11-12,14.2,6.8,9.7,0.0,13.6,92,1029.2,50.5,2.75
2022-11-13,13.1,4.3,8.2,0.0,9.5,91,1021.8,50.5,2.75
2022-11-14,10.6,3.0,6.7,0.0,18.2,92,1011.3,50.5,2.75
2022-11-15,11.6,8.1,10.3,3.3,27.5,90,1002.9,50.5,2.75
2022-11-16,11.4,7.3,9.7,9.9,35.4,89,995.5,50.5,2.75
2022-11-17,12.2,9.1,10.6,7.1,42.0,81,986.4,50.5,2.75
2022-11-18,11.4,6.4,8.8,0.0,23.0,83,1000.6,50.5,2.75
2022-11-19,10.6,5.2,7.3,0.1,18.0,88,1010.7,50.5,2.75
2022-11-20,10.1,4.7,6.8,0.3,26.1,87,1009.8,50.5,2.75
2022-11-21,8.4,3.0,6.7,3.3,29.7,90,1000.1,50.5,2.75
2022-11-22,9.4,4.8,7.3,2.4,30.3,85,991.6,50.5,2.75
2022-11-23,10.9,4.7,7.8,4.1,27.9,86,996.6,50.5,2.75
2022-11-24,11.2,7.8,9.5,1.2,29.4,82,1007.4,50.5,2.75
2022-11-25,11.4,5.9,8.8,2.1,25.4,87,1015.7,50.5,2.75
2022-11-26,10.6,5.8,7.5,0.0,25.8,90,1027.4,50.5,2.75
2022-11-27,9.7,6.8,7.7,10.4,27.0,89,1017.5,50.5,2.75
2022-11-28,10.6,4.2,8.6,2.0,19.3,91,1010.6,50.5,2.75
2022-11-29,6.8,1.3,4.3,0.0,9.5,98,1018.7,50.5,2.75
2022-11-30,6.6,2.7,4.7,0.0,9.8,97,1025.0,50.5,2.75
2022-12-01,5.2,0.6,3.5,0.0,17.1,94,1027.8,50.5,2.75
2022-12-02,4.2,-1.2,1.7,0.3,20.9,92,1024.0,50.5,2.75
2022-12-03,3.0,0.8,2.0,0.0,19.1,82,1020.0,50.5,2.75
2022-12-04,2.0,0.9,1.4,0.0,15.6,83,1016.3,50.5,2.75
2022-12-05,3.8,0.8,2.1,3.2,10.0,92,1020.1,50.5,2.75
2022-12-06,6.2,0.6,3.7,0.0,10.2,96,1021.8,50.5,2.75
2022-12-07,6.2,1.5,3.6,1.8,14.5,92,1019.5,50.5,2.75
2022-12-08,4.2,-1.7,0.8,0.0,10.1,94,1011.4,50.5,2.75
2022-12-09,3.2,-3.0,-0.9,0.0,9.3,93,1007.2,50.5,2.75
2022-12-10,3.2,-1.5,0.1,0.0,13.0,96,1010.8,50.5,2.75
2022-12-11,1.1,-2.3,-0.6,2.6,16.5,88,1010.0,50.5,2.75
2022-12-12,0.0,-4.5,-2.4,0.0,16.7,88,1010.9,50.5,2.75
2022-12-13,0.1,-5.6,-3.1,0.0,11.7,77,1008.4,50.5,2.75
2022-12-14,0.6,-4.6,-2.2,0.0,10.4,67,1003.9,50.5,2.75
2022-12-15,1.4,-4.8,-2.3,0.0,10.8,84,1009.0,50.5,2.75
2022-12-16,3.3,-4.1,-1.2,0.0,12.0,88,1015.7,50.5,2.75
2022-12-17,-1.5,-5.2,-3.2,0.0,15.8,92,1024.8,50.5,2.75
2022-12-18,3.7,-5.4,-2.3,3.3,26.3,85,1022.7,50.5,2.75
2022-12-19,9.9,4.1,7.3,8.2,30.8,88,1014.5,50.5,2.75
2022-12-20,11.0,7.8,10.0,9.5,30.7,89,1010.8,50.5,2.75
2022-12-21,9.6,5.8,7.8,3.0,20.9,93,1009.9,50.5,2.75
2022-12-22,11.2,8.1,9.6,20.4,24.8,92,1005.0,50.5,2.75
2022-12-23,13.5,9.4,10.7,8.4,34.2,91,1005.1,50.5,2.75
2022-12-24,11.8,9.0,10.2,0.6,26.3,89,1012.3,50.5,2.75
2022-12-25,10.3,8.1,9.2,9.4,18.1,95,1011.1,50.5,2.75
2022-12-26,10.3,5.3,8.1,0.6,26.6,83,1015.9,50.5,2.75
2022-12-27,8.3,4.3,6.2,0.2,27.3,84,1024.2,50.5,2.75
2022-12-28,11.2,7.3,9.4,6.4,37.1,85,1010.4,50.5,2.75
2022-12-29,11.3,6.9,9.2,1.1,37.1,80,1004.8,50.5,2.75
2022-12-30,13.1,4.7,8.7,8.2,42.3,89,1004.5,50.5,2.75
2022-12-31,16.5,13.1,15.0,7.5,43.7,76,1005.7,50.5,2.75
2023-01-01,15.1,11.2,13.0,5.4,34.7,76,1012.0,50.5,2.75
2023-01-02,13.1,5.3,9.6,3.2,28.3,88,1016.6,50.5,2.75
2023-01-03,9.7,4.3,7.2,1.5,34.6,89,1025.0,50.5,2.75
2023-01-04,12.6,9.6,11.7,5.9,35.5,88,1018.7,50.5,2.75
2023-01-05,11.9,9.9,10.7,0.7,26.6,90,1021.6,50.5,2.75
2023-01-06,11.9,9.6,10.8,1.6,25.0,87,1018.2,50.5,2.75
2023-01-07,11.2,8.0,9.7,0.2,33.2,82,1009.0,50.5,2.75
2023-01-08,10.0,6.8,8.5,1.7,29.4,82,999.2,50.5,2.75
2023-01-09,7.9,4.9,6.5,2.7,36.2,82,1000.6,50.5,2.75
2023-01-10,11.9,3.8,6.8,2.2,33.4,85,1014.5,50.5,2.75
2023-01-11,12.1,8.4,10.1,5.4,34.6,83,1011.8,50.5,2.75
2023-01-12,11.2,8.9,10.2,14.3,40.8,86,1009.0,50.5,2.75
2023-01-13,9.9,6.9,8.6,2.1,34.3,75,1010.7,50.5,2.75
2023-01-14,12.1,6.3,9.5,8.2,36.9,87,1006.6,50.5,2.75
2023-01-15,7.8,4.3,6.0,0.7,35.7,79,1002.2,50.5,2.75
2023-01-16,6.4,1.0,4.3,13.4,38.4,88,984.7,50.5,2.75
2023-01-17,3.2,-3.9,-0.9,0.0,11.3,88,988.8,50.5,2.75
2023-01-18,4.4,-2.2,0.4,0.1,17.4,85,997.2,50.5,2.75
2023-01-19,4.1,-1.8,0.7,0.2,13.3,91,1007.1,50.5,2.75
2023-01-20,5.6,-1.4,1.9,2.0,22.9,86,1015.8,50.5,2.75
2023-01-21,3.0,-2.2,0.1,0.0,18.5,89,1030.2,50.5,2.75
2023-01-22,3.2,-1.7,0.4,0.0,16.9,84,1034.2,50.5,2.75
2023-01-23,3.6,-2.0,1.1,0.0,15.9,87,1036.2,50.5,2.75
2023-01-24,2.5,-0.2,1.6,0.0,15.3,84,1038.0,50.5,2.75
2023-01-25,1.7,-4.1,-1.1,0.0,9.5,92,1034.1,50.5,2.75
2023-01-26,7.9,2.0,4.3,4.4,21.4,91,1025.9,50.5,2.75
2023-01-27,4.8,2.5,3.7,0.6,20.5,86,1027.2,50.5,2.75
2023-01-28,3.6,-0.2,2.3,0.0,13.7,82,1030.9,50.5,2.75
2023-01-29,5.9,-0.3,2.9,0.0,22.4,85,1028.7,50.5,2.75
2023-01-30,8.9,3.2,6.8,0.0,25.5,82,1023.9,50.5,2.75
2023-01-31,9.1,2.3,6.0,0.0,31.9,87,1025.9,50.5,2.75
2023-02-01,9.2,4.5,6.7,0.0,30.1,80,1025.0,50.5,2.75
2023-02-02,10.4,5.4,7.7,0.0,27.7,86,1027.7,50.5,2.75
2023-02-03,11.1,7.7,9.1,0.0,30.3,87,1031.1,50.5,2.75
2023-02-04,11.0,7.6,8.9,0.3,12.7,85,1037.0,50.5,2.75
2023-02-05,8.4,3.0,6.7,0.3,29.5,80,1041.6,50.5,2.75
2023-02-06,7.6,-0.2,2.8,0.0,11.3,88,1042.0,50.5,2.75
2023-02-07,5.6,-2.7,0.3,0.0,11.2,88,1039.0,50.5,2.75
2023-02-08,6.8,-4.6,0.1,0.0,10.9,76,1036.2,50.5,2.75
2023-02-09,8.0,-2.5,2.4,0.0,11.6,77,1033.1,50.5,2.75
2023-02-10,9.2,4.3,6.0,0.2,19.5,90,1037.5,50.5,2.75
2023-02-11,9.1,3.3,6.6,0.0,15.4,90,1037.1,50.5,2.75
2023-02-12,7.9,5.0,6.4,0.0,11.4,87,1038.4,50.5,2.75
2023-02-13,11.4,-0.1,4.9,0.0,10.9,90,1035.6,50.5,2.75
2023-02-14,11.6,0.3,4.8,0.0,10.0,90,1032.5,50.5,2.75
2023-02-15,12.6,1.4,5.6,0.0,14.8,84,1026.3,50.5,2.75
2023-02-16,11.6,4.7,8.3,1.4,21.9,84,1023.5,50.5,2.75
2023-02-17,11.1,9.3,10.3,0.1,37.7,89,1023.5,50.5,2.75
2023-02-18,10.5,9.4,10.0,0.7,35.7,88,1023.8,50.5,2.75
2023-02-19,10.5,5.9,8.7,0.0,25.2,85,1026.0,50.5,2.75
2023-02-20,10.1,6.1,8.0,0.0,26.4,87,1026.1,50.5,2.75
2023-02-21,10.6,3.7,7.4,0.0,12.1,88,1019.9,50.5,2.75
2023-02-22,10.6,2.7,7.2,1.0,17.2,88,1012.6,50.5,2.75
2023-02-23,10.3,6.3,7.7,0.4,15.8,88,1015.4,50.5,2.75
2023-02-24,8.2,-0.6,4.4,0.1,17.1,86,1013.0,50.5,2.75
2023-02-25,7.2,1.5,4.2,0.1,26.0,77,1013.6,50.5,2.75
2023-02-26,5.2,-2.8,1.8,0.0,29.3,62,1023.5,50.5,2.75
2023-02-27,5.9,-2.5,1.7,0.0,21.5,68,1029.2,50.5,2.75
2023-02-28,4.9,-2.0,0.6,0.8,20.6,72,1030.4,50.5,2.75
2023-03-01,6.2,-2.9,0.8,0.0,19.3,72,1027.8,50.5,2.75
2023-03-02,7.9,-3.0,1.7,0.0,17.3,78,1023.1,50.5,2.75
2023-03-03,6.5,-0.6,2.9,0.0,21.2,83,1026.0,50.5,2.75
2023-03-04,7.2,2.2,4.7,1.0,15.8,83,1027.5,50.5,2.75
2023-03-05,7.1,3.0,4.7,1.4,14.8,84,1019.5,50.5,2.75
2023-03-06,7.5,-0.7,3.9,1.2,25.2,79,1007.9,50.5,2.75
2023-03-07,6.6,2.0,4.2,8.7,26.7,91,1000.7,50.5,2.75
2023-03-08,7.9,0.9,4.0,21.3,17.9,96,992.5,50.5,2.75
2023-03-09,14.0,7.9,10.2,15.2,29.3,87,993.4,50.5,2.75
2023-03-10,10.8,1.6,6.8,3.6,38.5,83,993.5,50.5,2.75
2023-03-11,7.3,-2.0,2.9,0.0,11.7,69,1010.9,50.5,2.75
2023-03-12,12.1,4.6,9.3,1.0,32.7,80,1009.3,50.5,2.75
2023-03-13,16.0,10.7,13.3,3.0,36.4,72,997.7,50.5,2.75
2023-03-14,10.4,2.8,6.8,3.6,33.7,81,1000.6,50.5,2.75
2023-03-15,9.6,1.2,5.6,0.7,21.0,74,1017.0,50.5,2.75
2023-03-16,13.8,5.2,9.3,1.2,23.1,65,1011.7,50.5,2.75
2023-03-17,17.0,7.4,11.2,2.2,19.4,74,1006.5,50.5,2.75
2023-03-18,14.4,8.4,11.1,5.6,26.3,84,1008.8,50.5,2.75
2023-03-19,10.6,5.0,8.3,1.6,17.0,84,1015.0,50.5,2.75
2023-03-20,11.9,4.3,8.0,1.5,21.3,81,1019.8,50.5,2.75
2023-03-21,13.2,8.1,10.2,4.3,24.4,84,1013.7,50.5,2.75
2023-03-22,12.4,8.4,10.5,2.9,33.6,83,1006.7,50.5,2.75
2023-03-23,15.7,10.4,12.6,6.6,32.2,77,1002.8,50.5,2.75
2023-03-24,13.8,8.6,11.0,4.2,36.5,77,1002.3,50.5,2.75
2023-03-25,11.8,7.7,9.6,0.8,40.3,75,1006.6,50.5,2.75
2023-03-26,8.5,5.3,7.4,12.6,28.0,86,1005.0,50.5,2.75
2023-03-27,8.3,0.6,5.2,1.1,21.3,68,1023.6,50.5,2.75
2023-03-28,9.6,-0.8,4.8,1.1,22.7,72,1023.8,50.5,2.75
2023-03-29,16.9,7.4,12.1,3.0,24.3,75,1013.1,50.5,2.75
2023-03-30,15.6,10.6,12.9,2.8,34.9,73,1007.9,50.5,2.75
2023-03-31,11.4,9.5,10.5,18.3,43.8,84,995.6,50.5,2.75
2023-04-01,10.6,7.6,9.3,9.5,32.1,88,1002.3,50.5,2.75
2023-04-02,8.9,4.4,7.0,2.2,22.5,82,1020.6,50.5,2.75
2023-04-03,10.6,0.4,5.3,0.0,18.6,70,1029.0,50.5,2.75
2023-04-04,9.8,-2.2,4.2,0.0,14.9,67,1027.7,50.5,2.75
2023-04-05,12.4,-1.9,6.0,0.0,9.4,68,1022.5,50.5,2.75
2023-04-06,12.6,4.9,8.4,5.0,28.4,80,1015.8,50.5,2.75
2023-04-07,11.4,3.8,7.7,2.1,18.9,83,1019.4,50.5,2.75
2023-04-08,11.4,1.5,6.9,0.3,9.4,83,1025.3,50.5,2.75
2023-04-09,15.6,1.9,9.2,0.0,13.9,81,1023.2,50.5,2.75
2023-04-10,13.0,8.7,10.6,4.1,27.1,77,1015.2,50.5,2.75
2023-04-11,12.6,7.0,9.5,2.7,27.1,73,1013.3,50.5,2.75
2023-04-12,11.2,6.2,8.9,9.8,41.3,75,999.2,50.5,2.75
2023-04-13,12.2,5.2,8.7,2.2,38.7,70,1002.8,50.5,2.75
2023-04-14,11.9,3.6,7.4,0.4,23.3,79,1006.9,50.5,2.75
2023-04-15,14.6,5.7,9.4,1.3,22.9,77,1013.8,50.5,2.75
2023-04-16,13.6,3.4,8.0,0.0,18.4,78,1025.9,50.5,2.75
2023-04-17,12.6,2.2,8.0,0.6,19.2,85,1026.9,50.5,2.75
2023-04-18,13.6,4.8,9.4,0.1,24.6,77,1024.9,50.5,2.75
2023-04-19,15.8,6.4,11.0,0.0,23.6,70,1023.1,50.5,2.75
2023-04-20,10.4,4.3,7.1,2.2,25.1,67,1018.6,50.5,2.75
2023-04-21,11.8,2.0,7.1,1.8,14.5,85,1011.7,50.5,2.75
2023-04-22,13.4,2.7,7.7,4.0,13.4,90,1007.3,50.5,2.75
2023-04-23,13.1,8.4,10.3,10.5,28.9,85,1003.4,50.5,2.75
2023-04-24,12.1,6.4,9.0,9.1,22.9,81,1008.5,50.5,2.75
2023-04-25,10.2,4.0,7.6,3.0,17.9,73,1016.2,50.5,2.75
2023-04-26,12.1,1.1,6.6,0.0,12.4,68,1019.4,50.5,2.75
2023-04-27,15.2,2.6,9.2,3.5,18.5,70,1017.7,50.5,2.75
2023-04-28,15.6,10.6,13.0,7.8,27.9,87,1012.3,50.5,2.75
2023-04-29,14.6,6.3,10.8,0.0,11.3,80,1020.0,50.5,2.75
2023-04-30,16.3,4.0,11.0,0.0,14.2,77,1021.5,50.5,2.75
2023-05-01,16.0,8.6,12.3,2.5,18.6,78,1017.5,50.5,2.75
2023-05-02,15.4,6.7,10.7,0.0,17.9,79,1025.4,50.5,2.75
2023-05-03,16.0,2.5,9.6,0.0,18.9,70,1025.9,50.5,2.75
2023-05-04,22.6,6.7,14.3,0.0,19.7,73,1016.7,50.5,2.75
2023-05-05,17.8,9.8,13.9,1.5,17.1,82,1016.6,50.5,2.75
2023-05-06,17.1,9.6,13.6,1.5,12.8,85,1015.9,50.5,2.75
2023-05-07,18.5,12.1,14.7,5.6,15.0,87,1017.1,50.5,2.75
2023-05-08,16.8,9.8,13.3,0.2,14.4,85,1021.3,50.5,2.75
2023-05-09,16.1,12.1,14.0,10.1,19.1,87,1012.8,50.5,2.75
2023-05-10,16.5,10.1,12.9,7.4,17.3,82,1012.5,50.5,2.75
2023-05-11,15.9,8.9,12.2,1.4,16.2,83,1015.8,50.5,2.75
2023-05-12,15.9,8.6,11.7,10.8,24.8,91,1017.8,50.5,2.75
2023-05-13,18.1,9.5,13.3,0.0,25.5,83,1021.9,50.5,2.75
2023-05-14,18.2,7.9,12.4,0.0,17.0,82,1020.0,50.5,2.75
2023-05-15,14.3,7.7,10.6,1.6,26.1,85,1017.9,50.5,2.75
2023-05-16,14.7,5.5,10.3,0.0,18.4,72,1023.6,50.5,2.75
2023-05-17,16.1,4.0,10.5,0.5,19.3,76,1027.6,50.5,2.75
2023-05-18,15.6,4.8,10.4,0.0,15.8,73,1027.6,50.5,2.75
2023-05-19,18.1,4.0,11.5,0.0,21.1,74,1025.5,50.5,2.75
2023-05-20,19.6,7.6,13.8,0.0,24.4,73,1021.6,50.5,2.75
2023-05-21,18.4,9.2,14.0,0.3,21.5,79,1018.3,50.5,2.75
2023-05-22,18.2,11.1,13.8,0.0,20.1,83,1018.3,50.5,2.75
2023-05-23,15.6,8.7,12.3,0.0,25.1,75,1024.0,50.5,2.75
2023-05-24,17.5,4.8,11.7,0.0,16.2,75,1025.2,50.5,2.75
2023-05-25,17.6,7.7,12.8,0.0,20.9,76,1027.2,50.5,2.75
2023-05-26,18.1,7.6,13.1,0.0,22.5,69,1028.8,50.5,2.75
2023-05-27,20.9,7.8,14.3,0.0,17.7,71,1025.0,50.5,2.75
2023-05-28,22.4,8.8,15.5,0.0,23.9,75,1020.7,50.5,2.75
2023-05-29,18.5,9.6,13.7,0.0,26.2,73,1024.1,50.5,2.75
2023-05-30,17.5,8.1,12.9,0.0,26.1,71,1026.2,50.5,2.75
2023-05-31,23.2,9.4,15.8,0.0,22.9,75,1023.7,50.5,2.75
2023-06-01,19.3,10.1,14.2,0.0,24.1,78,1022.7,50.5,2.75
2023-06-02,17.0,10.4,13.1,0.0,23.3,68,1022.0,50.5,2.75
2023-06-03,21.9,9.5,15.8,0.0,21.4,67,1020.4,50.5,2.75
2023-06-04,22.7,9.7,16.3,0.0,24.3,56,1021.1,50.5,2.75
2023-06-05,21.1,9.6,14.8,0.0,22.9,75,1021.7,50.5,2.75
2023-06-06,21.6,9.6,15.0,0.0,21.7,77,1020.8,50.5,2.75
2023-06-07,23.7,10.6,16.7,0.1,20.5,74,1019.6,50.5,2.75
2023-06-08,24.2,11.7,17.8,0.3,18.5,74,1016.3,50.5,2.75
2023-06-09,27.6,14.1,21.5,0.0,18.1,62,1012.0,50.5,2.75
2023-06-10,28.6,15.8,23.3,0.0,18.8,55,1012.5,50.5,2.75
2023-06-11,29.3,15.6,23.0,1.0,13.8,60,1013.6,50.5,2.75
2023-06-12,28.7,14.6,21.7,0.0,17.3,67,1014.2,50.5,2.75
2023-06-13,27.6,14.9,22.1,0.0,16.2,53,1012.1,50.5,2.75
2023-06-14,27.5,14.4,21.2,0.0,21.5,52,1015.0,50.5,2.75
2023-06-15,26.5,12.4,20.4,0.0,17.6,54,1018.5,50.5,2.75
2023-06-16,26.0,12.9,20.1,0.0,13.7,57,1018.6,50.5,2.75
2023-06-17,28.0,13.8,20.9,1.6,19.6,62,1014.7,50.5,2.75
2023-06-18,25.6,18.1,20.9,20.6,13.9,80,1010.4,50.5,2.75
2023-06-19,24.6,14.4,20.0,1.0,20.4,72,1011.8,50.5,2.75
2023-06-20,25.1,17.5,20.8,23.4,23.1,83,1010.1,50.5,2.75
2023-06-21,23.6,16.4,20.0,0.0,14.8,75,1016.5,50.5,2.75
2023-06-22,22.0,14.4,18.4,2.0,15.6,79,1018.2,50.5,2.75
2023-06-23,24.9,14.0,19.2,0.4,16.9,77,1024.0,50.5,2.75
2023-06-24,26.0,13.2,19.8,0.0,9.3,70,1024.2,50.5,2.75
2023-06-25,30.1,13.8,22.7,0.0,20.2,66,1016.7,50.5,2.75
2023-06-26,21.9,15.5,18.6,0.0,24.5,63,1019.5,50.5,2.75
2023-06-27,22.1,13.8,18.1,0.0,17.4,67,1021.6,50.5,2.75
2023-06-28,22.8,14.7,18.9,0.4,17.3,78,1018.8,50.5,2.75
2023-06-29,22.7,15.0,18.6,1.0,19.6,78,1015.9,50.5,2.75
2023-06-30,21.0,10.6,16.8,0.8,25.2,70,1014.6,50.5,2.75
2023-07-01,20.4,16.3,17.9,1.7,28.0,76,1007.5,50.5,2.75
2023-07-02,20.3,13.9,17.1,0.0,30.0,67,1012.1,50.5,2.75
2023-07-03,20.0,13.2,16.5,0.6,38.3,70,1013.0,50.5,2.75
2023-07-04,20.5,13.9,17.1,3.6,23.5,73,1012.2,50.5,2.75
2023-07-05,18.9,12.4,15.8,5.2,30.6,73,1011.2,50.5,2.75
2023-07-06,22.0,12.5,17.2,0.0,16.2,68,1017.4,50.5,2.75
2023-07-07,28.5,13.4,21.1,0.1,19.6,60,1017.0,50.5,2.75
2023-07-08,29.2,16.4,23.8,0.0,10.5,63,1015.5,50.5,2.75
2023-07-09,25.1,18.4,21.2,10.7,18.0,77,1019.3,50.5,2.75
2023-07-10,26.4,14.0,20.4,0.0,14.5,68,1020.9,50.5,2.75
2023-07-11,26.3,16.1,21.1,0.4,23.5,67,1013.2,50.5,2.75
2023-07-12,21.0,15.1,18.0,4.2,27.6,71,1013.3,50.5,2.75
2023-07-13,21.4,14.6,17.7,0.3,23.9,71,1017.7,50.5,2.75
2023-07-14,26.6,13.3,19.6,0.2,26.1,64,1012.4,50.5,2.75
2023-07-15,23.8,17.8,20.6,1.1,35.4,67,1005.5,50.5,2.75
2023-07-16,20.8,15.9,18.0,2.5,30.1,66,1012.9,50.5,2.75
2023-07-17,21.0,13.6,17.1,0.4,25.4,71,1019.4,50.5,2.75
2023-07-18,25.6,11.4,18.1,0.0,14.6,67,1019.1,50.5,2.75
2023-07-19,20.6,14.1,18.0,0.8,24.0,70,1015.6,50.5,2.75
2023-07-20,23.1,13.1,18.2,0.3,16.6,72,1015.3,50.5,2.75
2023-07-21,21.3,12.6,17.0,0.4,19.6,69,1013.5,50.5,2.75
2023-07-22,20.1,12.9,16.6,0.2,24.2,72,1014.0,50.5,2.75
2023-07-23,20.8,16.2,18.1,10.2,28.3,79,1007.4,50.5,2.75
2023-07-24,20.9,15.4,17.7,7.2,20.8,80,1005.2,50.5,2.75
2023-07-25,19.5,13.4,16.3,0.7,15.2,68,1009.5,50.5,2.75
2023-07-26,20.9,12.1,16.8,1.9,19.9,72,1013.4,50.5,2.75
2023-07-27,19.0,16.0,17.7,20.9,31.1,87,1007.0,50.5,2.75
2023-07-28,23.2,17.3,19.6,0.5,19.2,81,1007.7,50.5,2.75
2023-07-29,21.0,16.0,18.2,1.3,26.6,77,1008.7,50.5,2.75
2023-07-30,20.2,14.6,17.0,2.2,34.0,77,1013.2,50.5,2.75
2023-07-31,19.2,16.5,17.8,16.2,30.6,85,1008.6,50.5,2.75
2023-08-01,19.6,15.0,17.3,3.1,30.4,79,1003.2,50.5,2.75
2023-08-02,20.5,15.6,17.8,14.9,39.5,80,993.3,50.5,2.75
2023-08-03,19.2,14.1,16.9,5.0,33.2,80,1002.3,50.5,2.75
2023-08-04,20.6,13.2,16.5,3.5,16.4,80,1015.4,50.5,2.75
2023-08-05,17.2,13.8,15.2,23.7,27.5,85,1010.8,50.5,2.75
2023-08-06,18.0,12.8,15.3,1.5,34.1,73,1012.5,50.5,2.75
2023-08-07,19.2,11.4,15.5,0.2,21.1,74,1019.2,50.5,2.75
2023-08-08,19.0,13.7,16.3,1.4,22.1,79,1016.4,50.5,2.75
2023-08-09,21.5,13.9,17.9,0.1,20.2,74,1017.5,50.5,2.75
2023-08-10,24.7,11.9,18.3,0.0,10.2,65,1020.6,50.5,2.75
2023-08-11,24.5,18.0,20.6,2.1,18.1,79,1019.6,50.5,2.75
2023-08-12,22.5,17.5,19.8,0.9,24.2,76,1017.0,50.5,2.75
2023-08-13,21.4,14.9,18.3,0.6,20.8,77,1016.8,50.5,2.75
2023-08-14,26.1,13.8,19.5,0.0,18.7,73,1013.4,50.5,2.75
2023-08-15,23.0,14.9,18.6,0.0,17.3,77,1016.2,50.5,2.75
2023-08-16,24.2,11.8,17.9,0.0,12.2,79,1020.0,50.5,2.75
2023-08-17,23.4,14.1,18.8,0.3,14.5,81,1018.7,50.5,2.75
2023-08-18,27.6,14.8,20.7,0.0,15.0,85,1014.4,50.5,2.75
2023-08-19,25.4,16.9,22.5,0.4,19.5,76,1015.1,50.5,2.75
2023-08-20,25.4,13.8,19.7,0.0,16.7,76,1022.3,50.5,2.75
2023-08-21,25.1,13.6,19.2,0.0,9.6,77,1023.9,50.5,2.75
2023-08-22,25.1,13.8,19.2,0.0,12.3,74,1021.4,50.5,2.75
2023-08-23,26.5,13.4,19.7,0.0,9.5,77,1020.0,50.5,2.75
2023-08-24,25.4,18.4,21.7,7.4,19.5,82,1013.1,50.5,2.75
2023-08-25,23.1,14.8,19.2,7.2,22.3,80,1009.6,50.5,2.75
2023-08-26,19.8,13.2,16.1,0.4,21.7,74,1010.7,50.5,2.75
2023-08-27,19.6,12.3,16.0,0.7,22.7,73,1010.6,50.5,2.75
2023-08-28,20.1,11.2,15.6,1.3,16.7,77,1013.4,50.5,2.75
2023-08-29,19.9,10.7,15.2,0.2,15.9,75,1012.7,50.5,2.75
2023-08-30,18.4,13.0,15.7,5.6,23.1,74,1008.5,50.5,2.75
2023-08-31,17.6,12.6,14.8,8.0,19.8,83,1011.0,50.5,2.75
2023-09-01,22.1,15.2,18.1,12.5,16.6,87,1011.9,50.5,2.75
2023-09-02,23.8,14.1,18.9,0.6,9.7,86,1019.4,50.5,2.75
2023-09-03,25.0,14.7,19.8,0.0,12.8,82,1026.2,50.5,2.75
2023-09-04,26.0,14.1,19.7,0.0,17.6,75,1023.3,50.5,2.75
2023-09-05,28.6,14.5,21.3,0.0,10.7,76,1017.3,50.5,2.75
2023-09-06,29.4,17.0,22.9,0.0,10.4,76,1018.3,50.5,2.75
2023-09-07,29.1,14.1,21.4,0.0,9.9,77,1017.1,50.5,2.75
2023-09-08,29.7,15.7,22.5,0.0,10.9,76,1016.5,50.5,2.75
2023-09-09,32.0,17.4,24.1,0.0,11.6,73,1016.1,50.5,2.75
2023-09-10,31.5,21.7,25.8,0.0,18.8,59,1015.7,50.5,2.75
2023-09-11,25.6,17.3,20.9,1.4,13.9,80,1014.3,50.5,2.75
2023-09-12,23.0,15.1,18.8,0.3,13.7,83,1013.9,50.5,2.75
2023-09-13,21.8,14.9,18.3,0.0,17.8,78,1018.5,50.5,2.75
2023-09-14,22.9,13.4,17.9,0.1,10.5,74,1021.3,50.5,2.75
2023-09-15,24.7,13.1,18.7,0.0,16.1,70,1016.2,50.5,2.75
2023-09-16,24.9,12.6,18.9,0.2,14.5,77,1012.6,50.5,2.75
2023-09-17,24.8,15.0,20.0,0.1,15.5,84,1011.0,50.5,2.75
2023-09-18,22.8,15.8,18.9,4.3,33.9,78,1005.2,50.5,2.75
2023-09-19,19.5,14.6,17.1,0.0,35.0,69,1010.7,50.5,2.75
2023-09-20,22.1,15.9,19.2,0.0,33.4,70,1005.5,50.5,2.75
2023-09-21,20.5,12.3,16.2,18.5,28.4,88,997.0,50.5,2.75
2023-09-22,14.8,10.6,12.6,4.5,19.4,84,1001.5,50.5,2.75
2023-09-23,17.5,9.9,13.2,0.0,18.8,76,1015.4,50.5,2.75
2023-09-24,19.2,9.9,14.3,0.0,22.4,73,1022.7,50.5,2.75
2023-09-25,20.8,12.5,16.2,0.0,20.6,76,1021.1,50.5,2.75
2023-09-26,22.9,13.4,17.1,0.0,14.0,81,1019.6,50.5,2.75
2023-09-27,23.2,13.1,18.0,0.0,21.2,82,1017.0,50.5,2.75
2023-09-28,20.4,13.5,17.7,0.0,20.1,74,1016.2,50.5,2.75
2023-09-29,19.1,13.3,17.7,1.5,23.2,78,1018.1,50.5,2.75
2023-09-30,19.4,10.4,14.5,0.1,12.4,81,1026.1,50.5,2.75
2023-10-01,23.9,13.2,17.9,0.0,14.8,78,1022.8,50.5,2.75
2023-10-02,25.1,14.6,19.8,0.0,23.3,77,1018.0,50.5,2.75
2023-10-03,21.9,14.4,17.6,0.5,28.2,72,1017.7,50.5,2.75
2023-10-04,17.7,11.1,14.4,0.0,22.1,79,1027.6,50.5,2.75
2023-10-05,17.9,11.6,14.5,0.0,15.5,82,1026.1,50.5,2.75
2023-10-06,19.8,11.2,14.7,0.0,18.2,77,1025.3,50.5,2.75
2023-10-07,21.7,13.6,17.2,0.0,21.3,76,1024.4,50.5,2.75
2023-10-08,23.4,12.6,17.3,0.0,17.3,71,1024.9,50.5,2.75
2023-10-09,22.0,13.2,16.6,0.0,13.1,75,1022.2,50.5,2.75
2023-10-10,24.2,11.4,17.2,0.0,17.9,70,1019.3,50.5,2.75
2023-10-11,22.0,15.0,18.1,0.0,22.0,78,1015.0,50.5,2.75
2023-10-12,19.0,15.4,17.2,5.5,20.3,86,1013.8,50.5,2.75
2023-10-13,22.4,17.1,19.3,3.3,35.2,78,1006.3,50.5,2.75
2023-10-14,17.0,8.5,11.7,5.8,31.1,75,1014.7,50.5,2.75
2023-10-15,11.4,6.4,8.7,0.0,18.4,70,1023.8,50.5,2.75
2023-10-16,12.1,3.5,7.5,0.0,16.0,76,1022.2,50.5,2.75
2023-10-17,13.8,6.2,9.4,0.0,19.2,70,1015.4,50.5,2.75
2023-10-18,18.0,8.2,13.0,9.2,29.9,77,1000.5,50.5,2.75
2023-10-19,19.1,14.1,16.1,4.4,25.3,87,988.7,50.5,2.75
2023-10-20,16.8,12.6,14.7,17.0,18.3,89,979.1,50.5,2.75
2023-10-21,13.4,11.4,12.6,11.0,38.3,85,988.2,50.5,2.75
2023-10-22,15.1,9.1,12.4,0.4,28.5,84,1005.4,50.5,2.75
2023-10-23,13.1,7.1,9.8,7.7,15.9,91,1008.8,50.5,2.75
2023-10-24,14.3,9.4,11.3,0.7,22.4,87,1002.9,50.5,2.75
2023-10-25,13.4,8.3,10.9,5.4,18.4,88,995.9,50.5,2.75
2023-10-26,15.1,7.8,11.2,9.9,21.8,89,994.3,50.5,2.75
2023-10-27,14.4,10.4,11.7,1.6,24.6,87,992.4,50.5,2.75
2023-10-28,15.2,9.3,11.9,9.0,34.4,84,993.4,50.5,2.75
2023-10-29,14.5,11.0,12.9,2.2,36.9,74,992.1,50.5,2.75
2023-10-30,12.9,9.4,11.1,4.0,22.4,87,997.8,50.5,2.75
2023-10-31,13.2,7.7,10.4,4.4,21.7,89,1002.4,50.5,2.75
2023-11-01,14.3,9.9,12.1,7.7,30.0,84,998.5,50.5,2.75
2023-11-02,12.3,8.6,10.4,15.6,56.5,79,975.3,50.5,2.75
2023-11-03,11.8,7.7,9.0,2.4,36.3,79,984.7,50.5,2.75
2023-11-04,12.6,7.1,9.4,12.1,34.5,86,977.3,50.5,2.75
2023-11-05,12.8,8.8,10.4,4.8,30.2,81,979.4,50.5,2.75
2023-11-06,11.4,7.8,9.6,0.4,33.5,81,1000.6,50.5,2.75
2023-11-07,11.1,6.8,8.7,0.2,30.1,85,1009.8,50.5,2.75
2023-11-08,11.5,7.2,9.3,20.2,34.9,86,1010.0,50.5,2.75
2023-11-09,11.9,7.2,9.6,0.9,30.8,85,1001.1,50.5,2.75
2023-11-10,10.3,6.9,8.2,3.4,27.6,84,996.7,50.5,2.75
2023-11-11,10.7,2.3,6.5,0.0,20.4,86,1006.9,50.5,2.75
2023-11-12,8.6,2.5,6.1,1.2,16.1,91,1005.7,50.5,2.75
2023-11-13,15.4,9.5,12.6,10.2,39.0,85,1003.1,50.5,2.75
2023-11-14,12.4,10.2,11.4,9.3,36.4,83,1006.0,50.5,2.75
2023-11-15,12.8,6.8,10.3,0.1,23.0,79,1016.2,50.5,2.75
2023-11-16,8.3,6.1,7.3,9.6,16.8,92,1013.4,50.5,2.75
2023-11-17,10.5,4.4,7.0,5.2,16.9,88,1020.2,50.5,2.75
2023-11-18,14.4,5.8,10.2,8.4,27.6,89,1017.2,50.5,2.75
2023-11-19,14.1,11.7,12.6,2.3,32.8,85,1011.3,50.5,2.75
2023-11-20,11.6,7.8,10.0,5.6,27.1,88,1010.1,50.5,2.75
2023-11-21,12.5,6.9,9.7,2.3,16.9,92,1017.6,50.5,2.75
2023-11-22,8.6,2.1,6.0,0.0,14.7,87,1029.7,50.5,2.75
2023-11-23,12.6,8.1,10.1,0.0,25.4,87,1025.2,50.5,2.75
2023-11-24,11.8,5.3,8.2,0.3,28.5,71,1018.2,50.5,2.75
2023-11-25,7.0,4.4,5.6,0.6,24.3,80,1018.4,50.5,2.75
2023-11-26,7.2,2.8,4.8,0.3,18.0,86,1017.3,50.5,2.75
2023-11-27,9.2,4.6,7.1,12.7,26.3,91,1000.7,50.5,2.75
2023-11-28,6.6,1.4,3.3,0.8,16.0,83,1006.3,50.5,2.75
2023-11-29,6.0,1.3,3.4,0.4,14.8,87,1005.4,50.5,2.75
2023-11-30,4.8,0.7,3.4,0.4,10.2,94,1001.6,50.5,2.75
2023-12-01,0.3,-2.4,-1.0,0.0,15.0,91,1006.4,50.5,2.75
2023-12-02,3.4,-5.4,-2.0,0.1,13.0,90,1014.8,50.5,2.75
2023-12-03,3.0,-1.7,0.6,2.4,26.8,81,1017.2,50.5,2.75
2023-12-04,6.9,1.7,3.9,7.1,27.2,79,1002.1,50.5,2.75
2023-12-05,7.0,5.0,6.0,3.6,14.1,95,1002.9,50.5,2.75
2023-12-06,7.0,-0.2,3.9,0.4,13.4,92,1016.7,50.5,2.75
2023-12-07,5.4,1.9,3.8,0.1,27.0,86,1014.3,50.5,2.75
2023-12-08,10.3,4.2,7.3,4.3,22.9,91,1007.2,50.5,2.75
2023-12-09,12.6,6.1,8.6,10.6,38.4,88,1002.0,50.5,2.75
2023-12-10,12.1,9.4,10.3,2.4,41.8,78,1005.1,50.5,2.75
2023-12-11,11.8,7.6,10.3,0.0,37.0,83,1004.8,50.5,2.75
2023-12-12,12.2,6.2,9.0,2.6,21.7,91,1002.8,50.5,2.75
2023-12-13,8.8,7.1,8.1,4.2,20.7,91,998.9,50.5,2.75
2023-12-14,7.7,6.4,6.9,1.5,14.6,89,1019.1,50.5,2.75
2023-12-15,9.6,4.3,6.2,0.2,10.7,90,1034.8,50.5,2.75
2023-12-16,10.1,4.2,7.3,0.0,17.1,86,1040.7,50.5,2.75
2023-12-17,8.3,3.2,5.8,0.0,15.8,86,1037.7,50.5,2.75
2023-12-18,7.3,2.8,5.6,0.0,19.6,88,1032.7,50.5,2.75
2023-12-19,10.3,7.2,8.5,7.5,28.5,87,1022.3,50.5,2.75
2023-12-20,9.9,4.8,7.3,0.4,24.9,87,1019.1,50.5,2.75
2023-12-21,12.9,9.5,10.8,1.3,38.5,82,1008.3,50.5,2.75
2023-12-22,11.2,8.6,9.7,0.6,31.2,77,1011.1,50.5,2.75
2023-12-23,11.2,8.1,9.6,0.0,29.9,80,1014.8,50.5,2.75
2023-12-24,12.1,10.1,11.1,2.4,36.6,89,1010.0,50.5,2.75
2023-12-25,11.6,11.1,11.3,5.1,32.2,91,1010.6,50.5,2.75
2023-12-26,10.8,3.7,8.5,0.9,28.6,85,1015.7,50.5,2.75
2023-12-27,10.6,6.3,9.3,2.5,32.4,83,1013.7,50.5,2.75
2023-12-28,11.6,9.2,10.3,0.0,34.2,75,1011.7,50.5,2.75
2023-12-29,10.9,8.6,10.0,3.4,32.9,82,1010.1,50.5,2.75
2023-12-30,10.9,6.7,8.7,0.1,31.8,87,1011.3,50.5,2.75
2023-12-31,10.0,7.7,8.9,2.5,37.3,77,996.5,50.5,2.75
2024-01-01,8.9,6.4,7.4,5.3,35.0,81,1004.1,50.5,2.75
2024-01-02,12.8,8.2,11.2,20.9,43.4,88,991.9,50.5,2.75
2024-01-03,10.9,8.2,9.4,3.3,36.1,85,993.1,50.5,2.75
2024-01-04,9.8,6.8,8.5,3.5,30.7,85,1002.4,50.5,2.75
2024-01-05,9.4,6.0,7.2,2.4,36.1,84,999.3,50.5,2.75
2024-01-06,6.2,3.9,5.5,2.8,18.8,87,1012.0,50.5,2.75
2024-01-07,3.5,-2.2,1.9,0.2,20.5,83,1022.6,50.5,2.75
2024-01-08,-0.5,-3.5,-2.2,0.0,24.0,70,1030.1,50.5,2.75
2024-01-09,-0.9,-5.3,-3.4,0.0,18.5,59,1029.9,50.5,2.75
2024-01-10,-0.9,-6.3,-4.0,0.0,13.6,56,1028.6,50.5,2.75
2024-01-11,1.6,-5.8,-2.4,0.0,13.7,68,1033.9,50.5,2.75
2024-01-12,4.1,0.7,2.2,0.0,8.8,92,1034.2,50.5,2.75
2024-01-13,3.8,1.9,2.3,0.0,12.9,86,1026.6,50.5,2.75
2024-01-14,2.5,0.3,1.4,0.0,16.6,85,1014.3,50.5,2.75
2024-01-15,2.8,-1.9,0.8,0.1,25.7,80,1009.1,50.5,2.75
2024-01-16,2.8,-3.3,-1.2,0.0,14.9,77,1010.3,50.5,2.75
2024-01-17,-0.2,-2.8,-1.5,9.2,13.5,85,993.7,50.5,2.75
2024-01-18,2.5,-3.3,-0.6,1.0,17.4,85,1002.5,50.5,2.75
2024-01-19,3.2,-3.5,-1.5,0.0,13.6,87,1021.6,50.5,2.75
2024-01-20,0.1,-4.5,-2.5,0.0,23.6,86,1028.3,50.5,2.75
2024-01-21,8.0,-1.1,3.6,0.0,37.8,77,1019.4,50.5,2.75
2024-01-22,11.1,7.4,9.5,3.0,49.4,84,1011.5,50.5,2.75
2024-01-23,13.0,4.5,7.9,3.4,35.4,87,1023.4,50.5,2.75
2024-01-24,13.0,8.8,10.6,1.2,37.8,83,1024.4,50.5,2.75
2024-01-25,11.8,4.8,9.0,0.3,19.9,92,1028.6,50.5,2.75
2024-01-26,11.8,2.3,8.8,1.5,32.0,79,1027.7,50.5,2.75
2024-01-27,6.8,0.7,2.7,0.0,14.0,90,1035.5,50.5,2.75
2024-01-28,8.7,0.4,3.9,0.0,19.0,83,1027.2,50.5,2.75
2024-01-29,11.4,4.3,7.4,0.0,17.7,88,1025.6,50.5,2.75
2024-01-30,10.4,6.1,9.0,0.0,25.9,81,1028.6,50.5,2.75
2024-01-31,9.2,2.3,6.3,0.0,27.4,80,1032.9,50.5,2.75
2024-02-01,10.3,2.6,7.7,2.3,28.2,84,1031.7,50.5,2.75
2024-02-02,11.0,2.7,7.0,0.0,26.8,91,1031.8,50.5,2.75
2024-02-03,11.3,9.7,10.2,0.0,24.9,89,1029.2,50.5,2.75
2024-02-04,11.3,9.6,10.2,0.1,30.4,90,1026.6,50.5,2.75
2024-02-05,10.1,8.6,9.2,0.0,33.5,83,1023.3,50.5,2.75
2024-02-06,11.6,9.6,10.5,0.3,34.1,81,1014.5,50.5,2.75
2024-02-07,11.4,5.1,7.8,19.5,32.1,92,1005.3,50.5,2.75
2024-02-08,12.6,4.4,8.3,12.8,31.2,92,996.7,50.5,2.75
2024-02-09,13.9,9.7,11.5,3.6,30.6,81,983.5,50.5,2.75
2024-02-10,12.2,6.8,9.7,2.9,21.0,90,984.6,50.5,2.75
2024-02-11,10.6,6.5,8.2,2.8,17.5,87,990.2,50.5,2.75
2024-02-12,9.4,3.8,6.4,2.8,16.4,86,1005.2,50.5,2.75
2024-02-13,9.7,3.1,6.2,3.0,28.0,84,1016.2,50.5,2.75
2024-02-14,13.4,9.2,11.5,5.4,25.3,88,1016.3,50.5,2.75
2024-02-15,16.5,11.1,13.3,2.2,20.7,81,1013.0,50.5,2.75
2024-02-16,14.4,9.6,12.2,1.8,22.0,81,1014.4,50.5,2.75
2024-02-17,12.4,7.8,10.0,0.0,17.2,84,1030.6,50.5,2.75
2024-02-18,11.8,8.6,10.0,8.6,30.6,87,1027.5,50.5,2.75
2024-02-19,11.0,6.7,8.6,0.7,28.8,91,1029.5,50.5,2.75
2024-02-20,11.1,5.7,8.3,0.1,23.6,87,1029.0,50.5,2.75
2024-02-21,10.9,8.6,9.5,5.8,32.0,86,1014.3,50.5,2.75
2024-02-22,14.1,5.3,10.3,5.0,41.6,88,989.7,50.5,2.75
2024-02-23,8.5,3.4,5.7,1.8,29.8,76,990.5,50.5,2.75
2024-02-24,8.1,1.8,4.5,3.4,23.4,84,996.6,50.5,2.75
2024-02-25,9.7,2.5,6.0,5.4,23.0,86,997.8,50.5,2.75
2024-02-26,6.9,4.6,5.6,22.3,29.5,90,1000.6,50.5,2.75
2024-02-27,9.9,2.6,5.4,0.0,24.0,80,1018.5,50.5,2.75
2024-02-28,10.4,1.9,6.9,0.0,21.7,85,1020.6,50.5,2.75
2024-02-29,10.7,8.9,9.6,1.9,22.7,90,1008.6,50.5,2.75
2024-03-01,9.8,3.7,6.7,13.1,36.5,85,999.4,50.5,2.75
2024-03-02,9.7,4.1,6.2,12.0,31.2,87,996.6,50.5,2.75
2024-03-03,7.3,4.2,5.5,8.3,12.4,92,1001.8,50.5,2.75
2024-03-04,10.4,1.4,5.6,0.1,13.0,81,1011.4,50.5,2.75
2024-03-05,10.1,2.8,6.3,2.0,13.4,84,1013.1,50.5,2.75
2024-03-06,10.4,0.5,4.7,0.0,12.1,85,1021.1,50.5,2.75
2024-03-07,11.6,1.8,6.0,0.0,19.2,79,1020.9,50.5,2.75
2024-03-08,13.2,1.5,6.8,0.0,24.4,70,1008.2,50.5,2.75
2024-03-09,13.4,5.2,9.6,0.3,25.7,70,997.3,50.5,2.75
2024-03-10,10.3,6.9,8.5,10.3,25.1,87,995.4,50.5,2.75
2024-03-11,9.2,6.4,7.7,4.4,19.2,93,1003.4,50.5,2.75
2024-03-12,11.0,6.3,8.4,11.2,26.3,92,1013.9,50.5,2.75
2024-03-13,14.6,10.0,11.5,0.1,24.7,83,1015.7,50.5,2.75
2024-03-14,16.5,7.3,11.9,0.0,20.0,79,1011.3,50.5,2.75
2024-03-15,14.4,10.6,12.7,6.7,29.5,79,1008.8,50.5,2.75
2024-03-16,13.2,8.3,10.3,0.7,18.1,74,1019.2,50.5,2.75
2024-03-17,13.1,7.3,10.0,9.2,23.6,86,1018.8,50.5,2.75
2024-03-18,14.0,7.8,10.9,0.2,18.0,87,1016.7,50.5,2.75
2024-03-19,16.4,7.6,11.1,0.0,14.7,79,1017.9,50.5,2.75
2024-03-20,17.5,5.2,11.0,0.0,8.8,82,1018.6,50.5,2.75
2024-03-21,14.6,6.2,10.0,0.1,13.9,89,1024.7,50.5,2.75
2024-03-22,11.7,8.8,9.9,4.0,22.9,88,1019.3,50.5,2.75
2024-03-23,8.6,4.2,6.6,2.6,29.2,80,1012.7,50.5,2.75
2024-03-24,10.6,4.2,7.2,1.1,32.2,69,1009.9,50.5,2.75
2024-03-25,11.8,2.5,7.5,0.0,20.1,73,1004.3,50.5,2.75
2024-03-26,13.0,5.6,9.3,1.9,16.7,72,989.8,50.5,2.75
2024-03-27,12.1,4.6,8.6,1.0,27.6,74,985.3,50.5,2.75
2024-03-28,12.1,6.6,9.0,1.9,39.6,66,984.3,50.5,2.75
2024-03-29,14.0,7.2,10.6,2.7,34.3,71,991.8,50.5,2.75
2024-03-30,13.1,7.2,9.3,7.3,17.0,83,996.4,50.5,2.75
2024-03-31,14.8,4.8,9.5,4.7,28.2,84,994.5,50.5,2.75
2024-04-01,12.9,6.7,9.4,1.9,24.2,81,996.6,50.5,2.75
2024-04-02,14.1,7.6,10.0,4.1,35.5,78,1005.7,50.5,2.75
2024-04-03,13.7,9.8,11.2,4.4,36.9,81,1004.8,50.5,2.75
2024-04-04,15.1,10.8,12.9,9.7,35.2,76,1006.9,50.5,2.75
2024-04-05,18.2,12.2,14.6,5.5,30.5,79,1008.6,50.5,2.75
2024-04-06,22.1,14.1,17.5,0.0,32.2,66,1007.9,50.5,2.75
2024-04-07,19.5,13.0,15.8,4.9,30.5,68,1012.2,50.5,2.75
2024-04-08,19.6,8.9,13.7,2.2,22.1,80,1007.3,50.5,2.75
2024-04-09,13.2,7.7,10.2,1.3,46.6,72,1010.7,50.5,2.75
2024-04-10,14.4,4.8,10.1,0.2,18.3,70,1027.6,50.5,2.75
2024-04-11,15.4,11.8,13.2,1.2,19.9,81,1031.3,50.5,2.75
2024-04-12,20.3,11.2,15.2,0.0,19.7,80,1031.2,50.5,2.75
2024-04-13,22.6,11.9,16.5,0.0,21.5,75,1024.8,50.5,2.75
2024-04-14,16.4,9.2,12.1,0.3,18.8,73,1022.8,50.5,2.75
2024-04-15,11.1,7.3,9.0,5.0,44.0,71,1011.2,50.5,2.75
2024-04-16,11.9,6.3,8.3,2.4,34.3,73,1009.9,50.5,2.75
2024-04-17,9.6,4.2,6.7,2.2,23.1,77,1014.4,50.5,2.75
2024-04-18,11.9,0.9,7.0,1.1,18.6,75,1020.1,50.5,2.75
2024-04-19,11.6,6.4,9.0,3.2,31.6,76,1016.6,50.5,2.75
2024-04-20,9.1,4.4,6.8,1.0,24.3,69,1024.5,50.5,2.75
2024-04-21,10.5,4.6,7.3,1.5,32.8,67,1026.0,50.5,2.75
2024-04-22,10.4,1.5,6.0,0.6,21.4,69,1026.1,50.5,2.75
2024-04-23,9.6,-0.8,5.7,0.8,17.1,70,1021.8,50.5,2.75
2024-04-24,9.5,4.1,6.3,2.5,24.4,79,1014.9,50.5,2.75
2024-04-25,10.6,2.4,6.7,0.4,25.3,75,1007.3,50.5,2.75
2024-04-26,9.6,6.7,8.0,9.5,14.0,87,1003.5,50.5,2.75
2024-04-27,14.9,7.1,11.1,12.1,15.9,86,1002.9,50.5,2.75
2024-04-28,13.1,7.6,11.4,1.7,37.5,76,1006.4,50.5,2.75
2024-04-29,17.5,5.7,11.6,1.2,21.5,76,1017.7,50.5,2.75
2024-04-30,18.0,9.9,13.7,1.3,19.9,82,1014.3,50.5,2.75
2024-05-01,21.9,11.1,15.8,1.8,20.2,82,1006.9,50.5,2.75
2024-05-02,16.9,9.9,12.8,6.7,26.1,87,1001.6,50.5,2.75
2024-05-03,15.1,9.0,12.0,0.2,28.8,76,1010.3,50.5,2.75
2024-05-04,14.8,6.4,10.3,7.8,17.9,83,1012.2,50.5,2.75
2024-05-05,16.2,5.1,11.2,0.6,12.2,83,1009.2,50.5,2.75
2024-05-06,16.4,8.9,12.9,2.8,20.5,85,1007.6,50.5,2.75
2024-05-07,17.5,6.9,11.9,1.6,20.6,84,1018.8,50.5,2.75
2024-05-08,14.6,8.8,11.5,0.6,16.5,80,1028.2,50.5,2.75
2024-05-09,18.3,6.2,12.8,0.0,10.1,79,1027.4,50.5,2.75
2024-05-10,21.1,8.5,14.9,0.0,10.5,77,1023.6,50.5,2.75
2024-05-11,23.6,9.4,16.8,0.0,15.9,72,1020.1,50.5,2.75
2024-05-12,25.2,11.4,18.4,0.2,15.5,69,1013.9,50.5,2.75
2024-05-13,20.6,12.2,16.9,0.8,20.2,80,1009.7,50.5,2.75
2024-05-14,18.0,13.6,15.3,5.9,20.9,87,1003.7,50.5,2.75
2024-05-15,18.1,12.5,14.6,12.2,10.4,86,1005.7,50.5,2.75
2024-05-16,16.5,11.8,13.8,8.7,17.4,87,1005.5,50.5,2.75
2024-05-17,19.0,9.4,14.3,2.5,14.0,79,1009.4,50.5,2.75
2024-05-18,18.5,12.4,14.7,11.6,14.6,84,1012.1,50.5,2.75
2024-05-19,19.9,10.6,14.9,0.1,16.9,81,1012.7,50.5,2.75
2024-05-20,19.2,9.9,14.4,0.4,18.9,83,1011.9,50.5,2.75
2024-05-21,16.9,11.1,14.2,9.4,9.5,90,1008.3,50.5,2.75
2024-05-22,18.0,11.8,14.8,0.5,29.2,79,1009.1,50.5,2.75
2024-05-23,18.4,12.1,15.1,0.4,19.5,78,1014.8,50.5,2.75
2024-05-24,18.9,8.8,13.6,3.1,12.7,82,1018.6,50.5,2.75
2024-05-25,19.2,8.5,14.4,0.0,15.7,72,1017.7,50.5,2.75
2024-05-26,19.2,13.3,15.7,5.2,21.5,74,1014.2,50.5,2.75
2024-05-27,16.1,10.4,13.2,1.0,17.1,76,1017.5,50.5,2.75
2024-05-28,16.1,9.6,13.2,2.4,26.2,85,1016.7,50.5,2.75
2024-05-29,17.8,11.7,15.4,10.4,26.9,81,1010.5,50.5,2.75
2024-05-30,16.8,11.3,13.8,1.6,17.3,79,1008.8,50.5,2.75
2024-05-31,15.9,11.8,13.3,8.1,26.0,87,1013.7,50.5,2.75
2024-06-01,14.1,11.8,13.0,2.6,28.3,87,1020.8,50.5,2.75
2024-06-02,16.5,9.7,13.6,0.1,22.1,75,1024.8,50.5,2.75
2024-06-03,18.8,6.7,13.7,0.4,10.8,80,1021.6,50.5,2.75
2024-06-04,20.1,12.1,15.8,0.0,23.7,81,1013.9,50.5,2.75
2024-06-05,17.5,10.8,14.1,0.5,22.1,68,1013.6,50.5,2.75
2024-06-06,17.1,8.4,12.8,0.4,16.3,70,1017.6,50.5,2.75
2024-06-07,18.4,8.4,13.3,0.2,17.1,74,1019.3,50.5,2.75
2024-06-08,16.9,9.1,13.4,0.3,20.8,77,1014.4,50.5,2.75
2024-06-09,18.0,8.1,13.6,0.0,18.0,71,1012.7,50.5,2.75
2024-06-10,13.9,9.5,12.5,3.8,31.7,77,1010.0,50.5,2.75
2024-06-11,15.1,6.7,11.2,1.2,14.7,74,1017.5,50.5,2.75
2024-06-12,14.8,6.6,11.0,0.5,8.2,77,1021.0,50.5,2.75
2024-06-13,17.8,8.4,13.5,0.5,19.6,70,1016.4,50.5,2.75
2024-06-14,18.3,12.2,14.8,7.4,22.4,79,1005.8,50.5,2.75
2024-06-15,16.0,10.4,13.2,10.4,34.1,80,1003.9,50.5,2.75
2024-06-16,18.1,11.4,14.4,1.9,23.1,77,1005.8,50.5,2.75
2024-06-17,20.1,11.4,15.9,0.1,17.5,74,1011.2,50.5,2.75
2024-06-18,18.0,14.0,16.0,21.6,13.4,91,1013.0,50.5,2.75
2024-06-19,19.7,12.9,15.9,0.6,20.9,80,1018.2,50.5,2.75
2024-06-20,21.6,10.4,16.1,0.2,17.9,79,1018.8,50.5,2.75
2024-06-21,20.5,11.9,15.7,6.0,19.3,83,1014.4,50.5,2.75
2024-06-22,19.4,13.1,16.0,1.6,17.0,77,1014.2,50.5,2.75
2024-06-23,22.1,11.9,17.2,0.1,13.4,77,1019.7,50.5,2.75
2024-06-24,25.0,12.2,19.2,0.0,9.3,73,1019.9,50.5,2.75
2024-06-25,27.1,13.6,20.6,0.0,19.9,73,1015.3,50.5,2.75
2024-06-26,28.5,15.6,22.2,0.0,13.3,75,1011.3,50.5,2.75
2024-06-27,25.8,15.6,20.3,0.0,22.3,74,1010.3,50.5,2.75
2024-06-28,20.0,12.9,16.2,0.0,21.3,68,1016.6,50.5,2.75
2024-06-29,23.0,9.1,16.1,0.5,16.4,73,1014.4,50.5,2.75
2024-06-30,21.2,13.1,17.0,4.8,15.5,77,1011.5,50.5,2.75
2024-07-01,18.6,12.6,15.5,0.2,16.1,77,1017.3,50.5,2.75
2024-07-02,17.9,13.6,15.5,1.9,16.3,78,1017.1,50.5,2.75
2024-07-03,16.8,12.1,14.5,2.1,26.1,81,1011.7,50.5,2.75
2024-07-04,18.8,13.6,16.2,1.0,28.2,71,1009.7,50.5,2.75
2024-07-05,20.1,13.7,16.4,0.5,25.3,76,1010.2,50.5,2.75
2024-07-06,17.5,13.1,16.1,0.3,40.2,70,1004.4,50.5,2.75
2024-07-07,18.8,11.4,14.8,0.6,22.1,68,1012.6,50.5,2.75
2024-07-08,19.2,12.4,16.2,1.9,11.7,76,1016.3,50.5,2.75
2024-07-09,24.6,14.8,18.9,8.1,15.2,81,1012.7,50.5,2.75
2024-07-10,21.2,15.1,18.4,0.9,21.0,78,1014.7,50.5,2.75
2024-07-11,22.2,12.8,17.6,0.0,14.8,70,1017.8,50.5,2.75
2024-07-12,16.1,11.6,14.7,6.7,18.4,82,1014.9,50.5,2.75
2024-07-13,19.4,10.6,15.1,0.1,18.4,72,1014.2,50.5,2.75
2024-07-14,21.0,11.4,16.6,0.2,16.9,74,1013.3,50.5,2.75
2024-07-15,24.5,12.6,18.5,11.2,14.2,77,1009.9,50.5,2.75
2024-07-16,18.0,14.6,16.7,2.8,31.6,82,1011.2,50.5,2.75
2024-07-17,23.4,14.9,18.9,1.2,17.2,77,1020.1,50.5,2.75
2024-07-18,26.3,13.4,20.2,0.0,8.6,74,1021.3,50.5,2.75
2024-07-19,28.8,16.8,23.0,0.0,8.4,69,1017.4,50.5,2.75
2024-07-20,28.0,17.4,22.4,0.0,12.5,72,1009.6,50.5,2.75
2024-07-21,23.7,17.5,20.3,0.8,18.4,79,1009.7,50.5,2.75
2024-07-22,22.4,14.6,18.5,0.0,19.9,76,1017.2,50.5,2.75
2024-07-23,20.8,16.5,19.0,1.1,28.1,76,1018.1,50.5,2.75
2024-07-24,22.9,13.0,18.2,0.0,7.4,76,1021.6,50.5,2.75
2024-07-25,25.1,14.8,19.1,7.2,19.9,81,1014.4,50.5,2.75
2024-07-26,22.6,16.8,19.3,1.8,18.0,77,1011.7,50.5,2.75
2024-07-27,21.3,14.6,18.1,0.0,15.5,72,1014.9,50.5,2.75
2024-07-28,23.8,12.8,18.5,0.0,13.1,71,1024.2,50.5,2.75
2024-07-29,27.2,12.6,20.4,0.0,14.1,67,1021.7,50.5,2.75
2024-07-30,30.2,16.7,23.6,0.0,14.2,67,1016.0,50.5,2.75
2024-07-31,29.1,19.3,23.7,5.2,12.2,75,1013.8,50.5,2.75
2024-08-01,26.6,19.7,22.5,17.1,10.5,83,1011.8,50.5,2.75
2024-08-02,25.0,17.1,20.5,2.2,18.9,83,1012.5,50.5,2.75
2024-08-03,22.1,16.1,19.2,4.0,20.6,82,1013.1,50.5,2.75
2024-08-04,22.6,15.2,18.5,0.3,15.6,78,1015.0,50.5,2.75
2024-08-05,25.3,12.8,19.0,0.0,8.7,73,1014.6,50.5,2.75
2024-08-06,27.4,14.4,21.0,0.4,16.8,73,1010.9,50.5,2.75
2024-08-07,22.2,15.4,18.6,0.1,20.5,69,1013.6,50.5,2.75
2024-08-08,23.6,16.0,19.9,0.4,20.9,66,1016.4,50.5,2.75
2024-08-09,23.1,16.3,20.5,0.2,30.0,73,1015.9,50.5,2.75
2024-08-10,23.8,15.2,19.4,0.0,16.4,71,1021.0,50.5,2.75
2024-08-11,28.7,14.7,21.7,0.0,16.1,67,1020.1,50.5,2.75
2024-08-12,34.8,19.0,25.7,1.2,19.8,66,1010.6,50.5,2.75
2024-08-13,25.6,18.8,21.5,0.2,15.5,74,1010.4,50.5,2.75
2024-08-14,24.8,17.0,20.6,0.4,14.2,71,1012.9,50.5,2.75
2024-08-15,24.5,16.4,19.8,0.0,20.2,75,1017.0,50.5,2.75
2024-08-16,21.8,19.0,20.0,11.3,17.1,81,1015.6,50.5,2.75
2024-08-17,24.5,15.4,20.1,0.2,15.8,76,1013.2,50.5,2.75
2024-08-18,21.8,14.4,18.1,0.0,17.0,70,1013.8,50.5,2.75
2024-08-19,23.5,13.2,18.4,0.0,13.3,72,1017.4,50.5,2.75
2024-08-20,21.8,15.5,17.8,20.4,22.4,80,1012.0,50.5,2.75
2024-08-21,19.7,12.4,16.0,0.1,22.5,67,1018.0,50.5,2.75
2024-08-22,24.0,13.1,18.4,0.7,27.1,64,1012.0,50.5,2.75
2024-08-23,22.0,17.9,19.9,1.2,38.2,73,1007.8,50.5,2.75
2024-08-24,24.6,15.4,19.3,8.0,33.4,81,1007.0,50.5,2.75
2024-08-25,19.4,11.9,15.9,0.7,24.3,70,1019.7,50.5,2.75
2024-08-26,21.1,12.9,16.7,0.0,20.0,73,1021.9,50.5,2.75
2024-08-27,24.5,12.8,18.2,0.0,10.4,73,1020.1,50.5,2.75
2024-08-28,28.3,12.2,20.0,0.0,12.3,75,1014.4,50.5,2.75
2024-08-29,23.0,15.8,19.7,0.0,15.9,69,1017.3,50.5,2.75
2024-08-30,21.9,14.6,17.4,6.9,17.6,77,1021.5,50.5,2.75
2024-08-31,23.4,15.4,19.0,4.1,18.1,79,1020.4,50.5,2.75
2024-09-01,30.1,17.2,23.0,1.0,17.0,76,1013.8,50.5,2.75
2024-09-02,25.4,17.6,21.0,0.1,15.1,78,1012.3,50.5,2.75
2024-09-03,21.4,16.6,18.9,1.5,15.0,84,1014.1,50.5,2.75
2024-09-04,22.4,13.4,17.6,0.0,15.1,77,1016.0,50.5,2.75
2024-09-05,21.5,13.9,18.3,2.7,25.5,86,1010.6,50.5,2.75
2024-09-06,18.9,14.4,16.8,13.3,17.4,89,1010.7,50.5,2.75
2024-09-07,24.0,12.1,17.9,3.4,14.3,84,1009.9,50.5,2.75
2024-09-08,19.9,13.2,16.5,5.2,28.5,80,1007.1,50.5,2.75
2024-09-09,17.9,14.1,15.9,1.2,25.5,86,1007.4,50.5,2.75
2024-09-10,16.4,11.9,14.7,5.4,28.5,85,1011.3,50.5,2.75
2024-09-11,15.6,9.6,12.8,8.6,27.9,71,1008.5,50.5,2.75
2024-09-12,14.6,7.5,10.7,0.1,18.2,74,1014.4,50.5,2.75
2024-09-13,16.0,7.8,11.4,1.4,20.0,81,1025.2,50.5,2.75
2024-09-14,17.2,6.0,11.8,0.0,9.5,73,1031.2,50.5,2.75
2024-09-15,18.1,7.2,12.9,0.0,10.5,76,1028.2,50.5,2.75
2024-09-16,19.1,11.1,14.6,2.3,20.3,82,1026.5,50.5,2.75
2024-09-17,20.1,10.6,15.3,0.1,27.2,80,1027.9,50.5,2.75
2024-09-18,21.8,12.3,16.8,0.0,21.1,83,1025.4,50.5,2.75
2024-09-19,24.0,13.8,18.4,0.0,25.0,75,1022.2,50.5,2.75
2024-09-20,22.5,12.6,17.3,0.0,17.3,77,1019.2,50.5,2.75
2024-09-21,24.0,11.9,17.7,0.3,16.3,79,1017.9,50.5,2.75
2024-09-22,21.7,15.6,17.9,6.5,15.5,81,1013.1,50.5,2.75
2024-09-23,18.9,13.6,16.2,8.1,16.1,84,1007.2,50.5,2.75
2024-09-24,18.8,11.6,14.5,2.5,19.5,88,1003.8,50.5,2.75
2024-09-25,18.2,12.9,14.7,11.7,22.5,85,1002.3,50.5,2.75
2024-09-26,20.2,12.9,16.0,1.7,33.6,79,990.8,50.5,2.75
2024-09-27,13.1,10.9,12.1,8.3,34.8,77,999.3,50.5,2.75
2024-09-28,14.0,6.9,10.3,0.0,18.2,69,1021.5,50.5,2.75
2024-09-29,14.1,4.4,9.5,0.2,25.4,75,1024.1,50.5,2.75
2024-09-30,17.2,10.8,13.7,7.0,33.4,82,1008.0,50.5,2.75
2024-10-01,16.1,11.8,13.4,4.5,27.4,81,1007.5,50.5,2.75
2024-10-02,16.4,8.1,12.2,0.2,17.0,84,1010.0,50.5,2.75
2024-10-03,14.3,7.8,11.2,0.0,21.5,74,1018.9,50.5,2.75
2024-10-04,14.5,4.4,9.3,0.0,10.5,80,1021.4,50.5,2.75
2024-10-05,16.1,4.1,9.6,0.0,13.9,81,1017.5,50.5,2.75
2024-10-06,16.1,8.2,12.1,0.0,26.2,81,1004.8,50.5,2.75
2024-10-07,18.5,11.3,15.1,0.4,22.2,84,1000.5,50.5,2.75
2024-10-08,18.5,12.2,15.5,0.2,27.1,79,996.9,50.5,2.75
2024-10-09,15.1,12.8,13.8,13.0,24.2,90,989.1,50.5,2.75
2024-10-10,14.1,9.1,11.8,4.4,20.7,86,1000.7,50.5,2.75
2024-10-11,12.5,4.7,8.5,0.0,10.2,76,1016.4,50.5,2.75
2024-10-12,12.1,3.5,8.5,2.6,21.5,88,1010.8,50.5,2.75
2024-10-13,12.2,6.9,9.2,0.0,20.3,75,1017.3,50.5,2.75
2024-10-14,13.9,6.2,9.9,3.9,11.8,84,1016.2,50.5,2.75
2024-10-15,17.8,11.1,13.9,0.0,18.6,88,1015.8,50.5,2.75
2024-10-16,23.2,13.7,18.0,1.3,24.1,81,1006.3,50.5,2.75
2024-10-17,18.0,13.9,16.5,4.2,23.6,89,1009.9,50.5,2.75
2024-10-18,17.9,12.4,14.5,1.1,11.9,90,1014.7,50.5,2.75
2024-10-19,15.9,10.8,13.2,4.5,20.7,89,1014.2,50.5,2.75
2024-10-20,18.1,10.9,14.4,1.1,33.9,89,1016.2,50.5,2.75
2024-10-21,16.4,11.6,13.7,19.1,20.5,87,1021.6,50.5,2.75
2024-10-22,15.6,9.2,11.9,3.2,17.3,87,1028.9,50.5,2.75
2024-10-23,15.6,8.1,11.1,0.0,9.9,88,1033.2,50.5,2.75
2024-10-24,15.9,6.8,10.8,0.0,19.1,88,1023.2,50.5,2.75
2024-10-25,19.6,11.6,14.8,0.1,16.4,89,1015.8,50.5,2.75
2024-10-26,18.1,10.9,13.8,7.4,11.7,94,1015.9,50.5,2.75
2024-10-27,16.5,9.1,13.2,0.0,11.8,87,1021.0,50.5,2.75
2024-10-28,15.9,9.2,12.3,0.5,21.3,83,1024.5,50.5,2.75
2024-10-29,14.8,11.1,13.0,0.3,15.4,87,1025.4,50.5,2.75
2024-10-30,14.1,9.0,11.6,0.0,6.7,93,1028.1,50.5,2.75
2024-10-31,15.2,7.8,11.4,0.0,10.6,90,1027.7,50.5,2.75
2024-11-01,13.8,9.0,11.3,0.2,13.3,90,1025.5,50.5,2.75
2024-11-02,13.2,9.7,11.2,0.0,17.7,89,1029.6,50.5,2.75
2024-11-03,13.4,5.4,9.6,0.0,11.7,91,1029.0,50.5,2.75
2024-11-04,11.9,5.1,7.5,0.0,8.3,94,1026.3,50.5,2.75
2024-11-05,11.7,4.8,8.3,0.0,8.5,94,1023.5,50.5,2.75
2024-11-06,12.6,9.0,10.6,0.2,9.6,92,1029.7,50.5,2.75
2024-11-07,11.4,7.7,9.1,0.0,11.6,88,1031.2,50.5,2.75
2024-11-08,7.9,2.7,6.5,0.0,11.5,88,1026.8,50.5,2.75
2024-11-09,10.4,6.8,8.3,0.1,7.3,91,1024.4,50.5,2.75
2024-11-10,10.8,7.3,8.9,0.0,11.4,88,1027.8,50.5,2.75
2024-11-11,12.6,7.4,10.0,0.4,21.4,85,1031.9,50.5,2.75
2024-11-12,10.5,6.1,9.0,0.8,22.2,84,1031.6,50.5,2.75
2024-11-13,10.8,4.1,6.9,0.0,11.1,85,1033.7,50.5,2.75
2024-11-14,11.6,6.3,8.6,0.1,11.1,92,1030.3,50.5,2.75
2024-11-15,10.8,6.8,8.6,0.0,8.5,87,1027.9,50.5,2.75
2024-11-16,10.1,7.4,8.4,0.0,17.5,79,1020.8,50.5,2.75
2024-11-17,10.1,6.9,8.5,1.0,18.6,83,1014.8,50.5,2.75
2024-11-18,9.5,6.8,8.0,11.2,16.5,88,1011.3,50.5,2.75
2024-11-19,11.7,4.8,8.8,26.0,34.9,93,996.9,50.5,2.75
2024-11-20,5.5,1.5,3.5,0.7,22.1,69,1006.4,50.5,2.75
2024-11-21,2.2,-0.2,0.9,0.0,19.3,82,1002.3,50.5,2.75
2024-11-22,6.6,0.2,3.0,0.0,26.2,73,1006.6,50.5,2.75
2024-11-23,10.1,0.9,4.7,6.9,36.0,80,1012.5,50.5,2.75
2024-11-24,17.8,10.6,15.2,3.6,38.6,60,1004.6,50.5,2.75
2024-11-25,17.4,7.7,12.5,9.6,36.0,79,1003.9,50.5,2.75
2024-11-26,9.9,5.7,7.4,1.0,24.6,90,1016.9,50.5,2.75
2024-11-27,13.1,6.7,9.3,5.1,31.4,87,1014.3,50.5,2.75
2024-11-28,8.9,1.8,5.0,0.0,13.4,88,1027.0,50.5,2.75
2024-11-29,7.1,0.4,2.9,0.0,16.8,88,1030.0,50.5,2.75
2024-11-30,7.4,1.5,4.3,0.0,17.2,84,1027.1,50.5,2.75
2024-12-01,9.2,1.5,5.5,0.0,23.8,89,1020.1,50.5,2.75
2024-12-02,11.1,6.4,9.8,2.0,21.3,89,1014.3,50.5,2.75
2024-12-03,8.0,2.3,6.0,1.2,16.0,88,1020.8,50.5,2.75
2024-12-04,7.4,0.7,4.9,0.0,17.2,88,1026.2,50.5,2.75
2024-12-05,12.3,5.6,8.3,16.1,31.9,91,1015.2,50.5,2.75
2024-12-06,12.7,5.8,8.4,3.9,36.5,73,1013.6,50.5,2.75
2024-12-07,11.2,6.4,8.5,7.3,34.3,83,998.2,50.5,2.75
2024-12-08,7.8,5.8,7.2,3.4,29.1,85,1006.3,50.5,2.75
2024-12-09,6.7,4.2,5.8,1.2,23.3,83,1024.8,50.5,2.75
2024-12-10,5.7,4.8,5.3,1.0,20.5,85,1029.0,50.5,2.75
2024-12-11,5.2,3.4,4.3,0.0,14.0,83,1030.9,50.5,2.75
2024-12-12,3.6,2.2,2.9,0.0,8.2,83,1031.4,50.5,2.75
2024-12-13,3.3,-1.6,1.1,0.0,9.4,89,1026.9,50.5,2.75
2024-12-14,7.2,2.0,3.9,0.0,16.7,85,1022.6,50.5,2.75
2024-12-15,11.2,3.2,7.5,0.0,22.5,92,1028.4,50.5,2.75
2024-12-16,11.3,9.5,10.6,0.2,22.0,90,1032.8,50.5,2.75
2024-12-17,9.4,5.8,8.0,0.0,16.9,89,1027.9,50.5,2.75
2024-12-18,14.0,6.1,11.1,1.0,27.5,82,1014.0,50.5,2.75
2024-12-19,13.8,4.6,8.9,5.1,36.0,79,1005.2,50.5,2.75
2024-12-20,7.9,2.2,5.2,0.4,19.9,83,1020.5,50.5,2.75
2024-12-21,11.1,5.6,8.3,15.2,31.3,91,1014.4,50.5,2.75
2024-12-22,9.9,4.3,6.5,0.3,26.1,68,1005.1,50.5,2.75
2024-12-23,7.3,5.2,6.2,0.0,30.0,68,1018.9,50.5,2.75
2024-12-24,10.4,4.9,7.7,0.3,12.5,90,1026.4,50.5,2.75
2024-12-25,10.6,9.1,9.9,0.1,8.9,95,1033.3,50.5,2.75
2024-12-26,9.2,6.7,7.8,0.1,6.6,94,1035.6,50.5,2.75
2024-12-27,6.7,-0.6,3.4,0.0,7.4,93,1033.8,50.5,2.75
2024-12-28,2.1,-2.3,-0.2,0.0,7.9,96,1030.5,50.5,2.75
2024-12-29,5.9,1.4,3.5,0.0,9.0,90,1030.6,50.5,2.75
2024-12-30,7.2,4.6,5.8,0.0,14.7,89,1030.5,50.5,2.75
2024-12-31,8.1,2.1,4.6,0.0,27.3,84,1026.6,50.5,2.75
